"PK_AREAID","FK_REGIONID","AREA","IS_ACTIVE","IS_DELETE","AREA_HEADID","FK_PRODUCT_LINEID"
7,1,Cvxc,1,0,,
8,3,ANANTAPUR,1,0,mallikarjunar,
9,139,HYDERABAD,1,0,rajasekharasarmam,
10,140,KARIMNAGAR,1,0,srinivasrm,
11,3,KURNOOL,1,0,parthasarathinj,
12,2,GUNTUR,1,0,ramireddymv,
13,3,NELLORE,1,0,subramanyamy,
14,2,RAJAMUNDHRY,1,0,satyavg,
15,3,Tadapallikudam,1,0,,
16,2,VIJAYAWADA,1,0,phanikumars,
17,193,VISAKAPATINAM,1,0,ravindranathtp,
18,4,Bangalore,1,0,,
19,4,Hospet,1,0,,
20,4,Hubli,1,0,,
21,4,Mangalore,1,0,,
22,4,MYSORE,0,1,manojktr,
23,94,CALICUT,1,0,ranjithrm,
24,5,Cochin,1,0,,
25,94,KANNUR,1,0,ullasm,
26,142,KOTTAYAM,1,0,pradeepc,
27,94,MANJERI,1,0,praveenkb,
28,5,THRISSUR,1,0,sebastianka,
29,142,TRIVANDRUM,1,0,V651,
30,6,CHENNAI,1,0,rajajb,
31,138,KUMBAKONAM,1,0,C213,
32,138,PONDICHERRY,1,0,gnanasekaranp,
33,138,TRICHY,1,0,gavaskarte,
34,6,VELLORE,1,0,vijayakumarl,
35,7,COIMBATORE,1,0,A1636,
36,7,ERODE,1,0,T205,
37,89,MADURAI,1,0,mahibalanb,
38,197,SALEM,1,0,nethajis,
39,89,TIRUNELVELI,1,0,S2673,
40,70,AGRA,1,0,ashishks,
41,70,KANPUR,1,0,A1528,
42,8,Lucknow,1,0,,
43,9,Delhi Central,1,0,,
44,32,DELHI WEST,1,0,V15028,
45,9,Faridabad,1,0,,
46,32,GURGAON,1,0,D534,
47,9,NOIDA,1,0,guruds,
48,10,Bareilly,1,0,anshulg,
49,10,Dehradun,1,0,,
50,55,HALDWANI,1,0,vinodcp,
51,11,AMBALA,1,0,anandc,
52,213,HISSAR,1,0,saurabha,
53,11,KARNAL,1,0,rajeshkk,
54,73,CHANDIGARH,1,0,R1487,
55,12,PATIALA,1,0,ramandeeps,
56,157,SHIMLA,1,0,V17750,
57,13,BATHINDA,1,0,P873,
58,12,JALANDHAR,1,0,CF00754,
59,12,LUDHIANA,1,0,R1601,
60,49,AJMER,1,0,lokeshn,
61,48,ALWAR,1,0,vipinp,
62,48,JAIPUR,1,0,amitkhandelwal,
63,92,KOTA,1,0,ashishbhatia,
64,48,Shahpura,1,0,,
65,24,Barmer,1,0,,
66,14,Jodhpur1,0,0,,
67,14,Udaipur1,0,0,,
68,66,BIKANER,1,0,R1396,
69,66,SIKAR,1,0,amitksn,
70,66,SRI GANGANAGAR,1,0,pramilk,
71,61,AKOLA,1,0,chandrakantk,
72,41,Jabalpur1,0,0,,
73,41,Nagpur1,0,0,,
74,41,Satna1,0,0,,
75,69,Bhopal,1,0,manishpaul,
76,41,Gwalior1,0,0,,
77,41,Indore1,0,0,,
78,16,AHMEDABAD,1,0,vinaykumardt,
79,57,BARODA,1,0,CF04403,
80,57,BHARUCH,1,0,virendrasinhjv,
81,83,BHAVNAGAR,1,0,harpalsinhbd,
82,83,GANDHIDHAM,1,0,dhruminar,
83,16,MEHSANA,1,0,akolkarjv,
84,16,RAJKOT,0,0,nileshpr,
85,57,SURAT,1,0,VF47367,
86,57,VAPI,1,0,nitinj,
87,44,Bkc Mumbai,1,0,,
88,67,GOA,1,0,rohanrk,
89,91,NASIK,1,0,pradeeprj,
90,17,Navi Mumbai,0,0,,
91,44,THANE,1,0,dharmeshnm,
92,91,AHMED NAGAR,1,0,ajaydk,
93,18,AURANGABAD,1,0,harishsc,
94,67,KOLHAPUR,1,0,pawanbp,
95,18,PUNE,1,0,dhaneshjs,
96,30,Ambikapur,1,0,,
97,65,BHILAI,1,0,R1442,
98,19,Bilaspur,0,0,,
99,52,DHAMTARI,1,0,someshkc,
100,122,JAGDALPUR,1,0,riteshkj,
101,53,RAIGARH,1,0,pawansr,
102,19,Raipur,0,0,,
103,22,Patna1,0,0,,
104,22,Ranchi,1,0,,
105,20,BHUBANESWAR,1,0,niharrd,
106,85,JAJPUR,1,0,smrutirs,
107,64,ROURKELA,1,0,swaprakashd,
108,64,Sambalpur,1,0,sunilkumarsahu,
109,21,GUWAHATI,1,0,mridulcb,
110,21,DURGAPUR,1,0,S2677,
111,72,KOLKATA,1,0,chiranjitb,
112,95,SILIGURI,1,0,chandans,
113,1,Abc,0,1,,
114,142,ALAPPUZHA,1,0,sudhishkr,
115,3,Cuddapah,1,0,,
116,65,RAJNANDGAON,1,0,salimk,
117,138,THANJAVUR,1,0,N580,
118,4,Hennur,1,0,,
119,4,Jeevan Bhima Nagar,1,0,,
120,4,Padmanabhanagar,1,0,,
121,4,Akshya Nagar,1,0,,
122,4,Sultan Palya,1,0,,
123,4,Bangalore-kr Puram,1,0,,
124,4,Bangalore-jayanagar,1,0,,
125,23,Manendragarh,1,0,,
126,44,Mumbai,1,0,,
127,140,KHAMMAM,1,0,S2441,
128,20,Barbil,1,0,,
129,48,TONK,1,0,ajaysb,
130,24,Phulera,1,0,,
131,8,Etawah,1,0,,
132,8,Firozabad,1,0,,
133,8,Sonbhadra,1,0,,
134,24,Dungarpur,1,0,,
135,25,Shivpuri,1,0,,
136,26,Muzaffarnagar,1,0,,
137,5,Muvattupuzha,1,0,,
138,27,Wani,1,0,,
139,8,Banda,1,0,,
140,68,UJJAIN,1,0,nishantt,
141,8,Orai,1,0,,
142,24,Rajsamand,1,0,,
143,70,FARRUKHABAD,1,0,P11402,
144,4,Basavakalyan,1,0,,
145,93,VARANASI,1,0,shahanawaza,
146,8,Mirzapur,1,0,,
147,16,Jamkhambhaliya,1,0,,
148,27,PUSAD,1,0,pankajrd,
149,27,Karad,1,0,,
150,16,Mahuva,1,0,,
151,57,Botad,1,0,,
152,27,SHAHADA,1,0,ravikantns,
153,57,BODELI,1,0,piyushp,
154,16,Gandhinagar,1,0,,
155,27,Washim,1,0,,
156,89,DINDIGUL,1,0,karuppiahm,
157,89,THENI,1,0,pradeepkumarb,
158,2,Tadepalligudeum,1,0,rajagopalana,
159,7,Krishnagiri,1,0,rajagopalana,
160,28,Sujangarh,1,0,rajagopalana,
161,5,ANGAMALY,1,0,,
162,54,FAIZABAD,1,0,laljiv,
163,18,JHABUA,1,0,surendram,
164,33,CHARKHI DADRI,1,0,,
165,11,Narnaul,1,0,,
166,68,KHARGONE,1,0,arpitj,
167,18,DEWAS,1,0,,
168,18,Saraipali,1,0,,
169,18,SHAJAPUR,1,0,,
170,162,JORHAT,1,0,soumitrajb,
171,18,PIMPRI CHINCHWAD,1,0,tangadevd,
172,18,BARAMATI,1,0,sagarkl,
173,18,MAHASAMUND,1,0,,
174,31,BONGAIGAON,1,0,,
175,40,Lakhimpur,1,0,,
176,18,Indapur,1,0,,
177,41,Mahadev Plaza - Jamnagar,1,0,,
178,91,SHRIRAMPUR,1,0,vinayri,
179,41,NARSINGHPUR,1,0,praveenkhare,
180,41,Hoshiarpur,1,0,,
181,29,Chaibasa,1,0,,
182,41,Mansa,1,0,,
183,7,Kovilpatti,1,0,,
184,5,Irinjalakuda,1,0,,
185,41,Shahjahanpur,1,0,,
186,41,VASAI,1,0,ashishk,
187,11,ROHTAK,1,0,N692,
188,41,Bahadurgarh,1,0,,
189,11,REWARI,1,0,sureshs,
190,5,Pala,1,0,,
191,69,BIAORA,1,0,R1536,
192,41,Rampur,1,0,,
193,41,Gorakhpur,1,0,,
194,122,BHAWANIPATNA,1,0,prakashks,
195,41,Jind,1,0,,
196,41,Bareli,1,0,,
197,41,Yeola,1,0,,
198,41,Loonkaransar,1,0,,
199,6,AMBATTUR,1,0,thanikachalamb,
200,2,Tandur,1,0,,
201,29,Baharagora,1,0,,
202,41,Baran,1,0,,
203,41,Parbhani,1,0,,
204,41,Kashipur,1,0,,
205,41,Nalgonda,1,0,,
206,41,Chiplun,1,0,,
207,56,Dhanera,1,0,,
208,41,Malkapur,1,0,,
209,41,Pali,1,0,,
210,2,Nuzvid,1,0,,
211,3,MARKAPUR,1,0,prasadg,
212,49,Pokaran,1,0,,
213,29,TINSUKIA,1,0,apurbag,
214,15,BARNALA,1,0,neelkanthn,
215,5,Punalur,1,0,,
216,29,Koderma,1,0,,
217,73,KANGRA,1,0,ANILKC,
218,51,DALTONGANJ,1,0,deepakk,
219,41,JAMMU,1,0,V17750,
220,11,Kala Amb,1,0,,
221,6,Tiruvottiyur,1,0,,
222,5,Vadakara,1,0,,
223,41,Navsari,1,0,,
224,41,Dumka1,0,0,,
225,29,Giridih,1,0,,
226,152,SAHARSA,1,0,ravikm,
227,29,Ara,1,0,,
228,50,BEGUSRAI,1,0,R1453,
229,33,Bilaspur(HP),1,0,,
230,61,CHALISGAON,1,0,S2499,
231,41,DAHOD,1,0,kaushalpb,
232,84,DEOGHAR,1,0,ranjeetk,
233,41,Vidisha,1,0,,
234,70,JHANSI,1,0,P885,
236,74,MOTIHARI,1,0,bipinkt,
237,41,Pandharpur,1,0,,
238,5,Perinthalamanna,1,0,,
239,60,RAICHUR,1,0,srinivaspn,
240,41,Vaijapur,1,0,,
241,41,Veraval,1,0,,
242,41,Bhivandi,1,0,,
243,51,GUMLA,1,0,abhijitks,
244,149,OSMANABAD,1,0,sunilvs,
245,29,Pakur,1,0,,
246,29,Ramgarh,1,0,,
247,6,GUINDY,1,0,pradeepkm,
248,17,KALVAN,1,0,santoshkk,
249,84,DHANBAD,1,0,syedse,
250,84,DUMKA,1,0,ranjeetk,
251,29,MUZAFFARPUR,1,0,nishantk,
252,50,PATNA,1,0,debjitk,
253,29,RANCHI,1,0,syedse,
254,53,BILASPUR,1,0,subhasishd,
255,52,RAIPUR,1,0,akhileshj,
256,20,ANGUL,1,0,sangramkp,
257,21,BERHAMPORE,1,0,pradiptaks,
258,85,CUTTACK,1,0,rajeevm,
259,96,ASANSOL,1,0,parichayc,
260,21,BARASAT,1,0,nabhaneelb,
261,123,GUWAHATI,1,0,bikashrs,
262,72,KOLKATTA,1,0,sandipd,
263,21,KRISHNA NAGAR,1,0,chanchald,
264,96,MALDA,1,0,indranilb,
265,31,SILIGURI,1,0,subratorc,
266,32,DELHI NCR,1,0,pratikm,
267,32,NOIDA,1,0,amitg,
268,49,JODHPUR,1,0,dineshbhootra,
269,92,UDAIPUR,1,0,rakeshsharma,
270,93,ALLAHABAD,1,0,B468,
271,54,GORAKHPUR,1,0,A1596,
272,40,HALDWANI,1,0,chandrasj,
273,40,LUCKNOW,1,0,rockwellps,
274,40,VARANASI,1,0,pawankss,
275,141,DAVANGERE,1,0,pakkiresha,
276,6,PONDICHERY,1,0,gnanasekaranp,
277,61,CHANDRAPUR,1,0,chandrashekharat,
278,69,GWALIOR,1,0,ashishsharma,
279,68,INDORE,1,0,arpitj,
280,71,JABALPUR,1,0,P861,
281,68,KHANDAWA,1,0,arpitj,
282,67,NAGPUR,1,0,mathewam,
283,41,SATNA,1,0,viveks,
284,149,AURANGABAD,1,0,sunilvs,
285,27,NANDED,1,0,deshmukhkp,
286,44,BORIVALI,1,0,sreejeshs,
287,44,MUMBAI-BKC,1,0,rajendrars,
288,44,NAVI MUMBAI,1,0,rajeshmandavkar,
289,73,JAMMU,1,0,vinodkb,
290,125,SILCHAR,1,0,palashkr,
291,72,HOWRAH,1,0,biswajitc,
292,72,KHARAGPUR ,1,0,tanmoyd,
293,29,Muzzafarpur,1,0,,
294,50,GAYA,1,0,gaurisk,
295,44,Akola,1,0,,
296,20,CHANDIKHOLE,1,0,rajendrak,
297,33,KANGRA,1,0,narenderv,
298,45,AGARTALA,1,0,rajibl,
299,15,ROHTAK,1,0,N692,
300,122,JEYPORE,1,0,chandraspk,
301,20,JHARSUGUDA,1,0,anilkumarr,
374,139,AUTONAGAR,1,0,rathanb,
375,140,NIZAMABAD,1,0,naveengg,
376,29,PURNIA,1,0,"",
377,10,BALAGHAT,1,0,"",
378,41,AGAR MALWA,1,0,"",
379,41,DHAR,1,0,"",
380,41,KHARGONE,1,0,"",
381,68,MANDSAUR,1,0,rajendrap,
382,41,RAJGARH,1,0,"",
383,30,RAJNANDGAON,1,0,"",
384,16,BANASKANTHA,1,0,"",
385,16,KUTCH,1,0,"",
386,16,KHEDA,1,0,"",
387,16,NAVSARI,1,0,"",
388,33,ROHTAK,1,0,N692,
389,60,GULBARGA,1,0,chetanbk,
390,141,SHIMOGA,1,0,balur,
391,91,NASHIK,1,0,pradeeprj,
392,67,SANGLI,1,0,nirajng,
393,149,SOLAPUR,1,0,M917,
394,18,SOUTH GOA,1,0,"",
395,138,CUDALLORE,1,0,balamurugans,
396,6,KANCHIPURAM,1,0,"",
397,7,DHARMAPURI,1,0,karthikeyanj,
398,7,GOBICHETIPALAYAM,1,0,"",
399,7,POLLACHI,1,0,"",
400,89,SIVAKASI,1,0,kumaravelu,
401,40,DEHRADUN,1,0,"",
402,31,DURGAPUR,1,0,"",
403,31,HOWRAH,1,0,"",
404,31,KHARAGPUR,1,0,"",
405,31,TINSUKIA,1,0,"",
406,73,SRINAGAR,1,0,jasimk,
407,51,HAZARIBAGH,1,0,santoshk,
408,55,BAREILLY,1,0,atuls,
409,59,PEENYA,1,0,sreejiths,
410,68,RATLAM,1,0,surendram,
411,69,HOSHANGABAD,1,0,sandeepky,
412,152,PURNEA,1,0,nilanjandg,
413,53,AMBIKAPUR,1,0,jayss,
414,52,BHILAI,1,0,debashishd,
415,121,TINSUKIA,1,0,apurbag,
416,55,DEHRADUN,1,0,dewakarsb,
417,32,FARIDABAD,1,0,sukeshc,
418,52,JAGDALPUR,1,0,jeetendrask,
419,58,BATHINDA,1,0,neelkanthn,
420,124,MUZAFFARPUR,1,0,K617,
421,52,JEYPORE,1,0,jeetendrask,
422,52,MAHASAMUND,1,0,prakashraok,
423,51,RANCHI,1,0,nagendrap,
424,58,JALANDHAR,1,0,rajesht,
425,48,AJMER,1,0,satvirs,
426,49,BARMER,1,0,pradeepss,
427,54,LUCKNOW,1,0,S2654,
428,59,BANGALORE,1,0,manojktr,
429,141,MANGALORE,1,0,sharank,
430,59,MYSORE,1,0,vijayc,
431,60,HOSPET,1,0,udayarajn,
432,60,HUBLI,1,0,adithyaks,
433,71,SATNA,1,0,prashants,
434,56,AHMEDABAD,1,0,B501,
435,56,MEHSANA,1,0,S2473,
436,83,RAJKOT,1,0,rakshitdj,
438,61,AURANGABAD,1,0,umeshsw,
439,149,NANDED,1,0,dattatrayak,
440,54,KANPUR,1,0,virendravs,
441,62,BANGALORE HE,1,0,rajeshp,
442,6,ADMIN CHENNAI,1,0,ravichandrant,
443,63,RAJKOT(HE),1,0,brijeshag,
444,91,DHULE,1,0,R1444,
445,84,JAMSHEDPUR,1,0,A1621,
446,56,HIMMAT NAGAR,1,0,nishanbu,
447,61,AMRAVATI,1,0,S2721,
448,68,BARWANI,1,0,kamalst,
449,53,KORBA,1,0,jayss,
450,149,LATUR,1,0,shivrajsm,
451,91,JALGAON,1,0,sanjayvj,
452,67,SATARA,1,0,amollg,
453,71,SHAHDOL,1,0,viveknr,
454,71,CHINDWARA,1,0,sankalpkt,
455,140,WARANGAL,1,0,pramodkp,
456,74,HAJIPUR,1,0,raviranjan,
457,50,ARRAH,1,0,rajeshkr,
458,50,SASARAM,1,0,rajeshkr,
459,52,RAJIM,1,0,praveens,
460,52,BALODABAZAR,1,0,praveens,
461,45,NOAGAON,1,0,siddharthap,
462,123,BARPETA ROAD,1,0,siddharthap,
463,64,BALANGIR,1,0,A1624,
464,11,KAITHAL,1,0,amarj,
465,11,BHIWANI,1,0,jitenderkr,
466,12,AMRITSAR,1,0,naveenb,
467,66,NAGAUR,1,0,shreegrb,
468,92,JHALAWAR,1,0,lalitp,
469,92,BHILWARA,1,0,pradeepkabra,
470,48,BHARATPUR,1,0,vikaskhandelwa,
471,73,MANDI,1,0,sureshkumar,
472,49,SUMERPUR,1,0,kamalkr,
473,65,BEMETRA,1,0,vahidk,
474,21,BURDWAN,1,0,salilkd,
475,56,SURENDRANAGAR,1,0,parmarpm,
476,75,CHANDIGARH HE,1,0,,
477,65,DURG,1,0,ramanaapv,
478,64,SUNDERGARH,1,0,madhabacp,
479,55,MORADABAD,1,0,maroofh,
480,52,KANKER,1,0,A1632,
481,141,HASSAN,1,0,D529,
482,60,BELGAUM,1,0,sureshmr,
483,3,TIRUPATI,1,0,jyothiprakashd,
484,52,TILDA,1,0,rajeevkumarn,
485,66,KUCHAMAN,1,0,pradeepk,
486,71,CHINDDWARA,1,0,sankalpkt,
487,54,BASTI,1,0,nirankarms,
488,76,Nagpur-CHFL,1,0,,
489,76,Nashik-CHFL,1,0,,
490,76,Pune-CHFL,1,0,,
491,77,Nellore-CHFL,1,0,,
492,77,Vijayawada-CHFL,1,0,,
493,78,Hyderabad-CHFL,1,0,,
494,79,Madurai-CHFL,1,0,,
495,79,Salem-CHFL,1,0,,
496,79,TIRUNELVELI-CHFL,1,0,K678,
497,79,Trichy-CHFL,1,0,,
498,81,Mysore - CHFL,1,0,,
499,80,Surat - CHFL,1,0,,
500,80,Rajkot - CHFL,1,0,,
501,80,Ahmedabad - CHFL,1,0,,
502,79,KANCHEEPURAM - CHFL,1,0,,
503,82,TRIVANDRUM - CHFL,1,0,anbarasandp,
504,83,JAMNAGAR,1,0,jadejahp,
505,157,UNA,1,0,V17750,
506,93,PRATAPGARH,1,0,ashutosht,
507,85,BALASORE,1,0,dipayanb,
508,72,BARUIPUR,1,0,chiranjitb,
509,72,TAMLUK,1,0,anisrm,
510,95,COOCHBEHAR,1,0,digbijoyb,
511,85,PARADEEP,1,0,umasankarp,
512,20,NAYAGARH,1,0,anilkp,
513,20,BERHAMPUR,1,0,pradiptaks,
514,95,WB BERHAMPORE,1,0,sugatag,
515,32,GHAZIABAD,1,0,sandeepkj,
516,93,JAUNPUR,1,0,abhishekky,
517,86,KOLKATTA - HE,1,0,subratag,
518,87,RAIPUR - CHFL,1,0,S2729,
519,55,HARIDWAR,1,0,rahulv,
520,61,GONDIA,1,0,mathewam,
521,7,DINIDUGUL,1,0,karuppiahm,
522,49,BIKANER,1,0,jitenders,
523,88,JAIPUR CHFL,1,0,S2829,
524,79,HOSUR,1,0,mhageeswaraa,
525,20,KHURDA,1,0,R1485,
526,70,MATHURA,1,0,rajeshv,
527,6,TIRUVANNAMALAI,1,0,arumugama,
528,18,SHIKRAPUR,1,0,K401,
529,74,CHHAPRA,1,0,raviranjan,
530,122,RAYAGADA,1,0,chandraspk,
531,65,MALKANGIRI,1,0,anilkumarp,
532,72,CHANDANNAGAR,1,0,shailendrac,
533,71,REWA,1,0,V740,
534,3,KADAPA,1,0,sreenathk,
535,142,KOLLAM,1,0,Unmeshp,
536,89,TUTICORIN,1,0,dharanitharanm,
537,6,CHENGALPETTU,1,0,thanikachalamb,
538,78,VIZAG,1,0,moizep,
539,78,WARANGAL,1,0,moizep,
540,50,BIHAR SHARIF,1,0,shashanks,
541,53,MANENDRAGARH,1,0,rakeshrs,
542,48,CHOMU,1,0,krishanmd,
543,57,ANAND,1,0,hirenbc,
544,55,KHATIMA,1,0,nitins,
545,69,SAGAR,1,0,anilkalia,
546,61,JALNA,1,0,dattatrayak,
547,91,MALEGAON,1,0,pradeeprj,
548,44,DOMBIVALI,1,0,vijayb,
549,95,MALDA,1,0,CF00323,
550,21,SILIGURI,1,0,chandans,
551,56,PALANPUR,1,0,D553,
552,99,HE-EAST,1,0,siddharthsv,
553,100,HE-DELHI 1,1,0,P946,
554,100,HE-DELHI 2,1,0,gaurav,
555,100,HE-DELHI 3,1,0,A1677,
556,100,HE-DELHI 4 ,1,0,A1677,
557,100,HE-DELHI 5 ,1,0,P946,
558,100,HE-DELHI 6,1,0,A1677,
559,101,HE-UTTAR PRADESH 1,1,0,R1533,
560,101,HE-UTTAR PRADESH 2,1,0,R1533,
561,102,HE-UTTARAKHAND,1,0,yogeshg,
562,103,HE-CHANDIGARH ,1,0,tanujs,
563,103,HE-HARYANA,1,0,tanujs,
564,103,HE-PUNJAB 1,1,0,sukhbirs,
565,103,HE-PUNJAB 2,1,0,sukhbirs,
566,104,HE-BHILWARA,0,1,V912,
567,104,HE-BIKANER,0,1,jitenders,
568,105,HE-JAIPUR,1,0,V912,
569,105,HE-JODHPUR,1,0,jitenders,
570,106,HE-VIJAYWADA,1,0,ramakrishnas,
571,106,HE-VIZAG,1,0,sudhakararr,
572,107,HE-KERALA,1,0,srinivasanr,
573,108,HE-CHENNAI 1,1,0,S2785,
574,108,HE-CHENNAI 2,1,0,sankarp,
575,109,HE-COIMBATORE,1,0,rozariox,
576,109,HE-MADURAI,1,0,balajirb,
577,109,HE-TRICHY,1,0,rozariox,
578,110,HE-KARNATAKA 1,1,0,srinivasulum,
579,110,HE-KARNATAKA 2,1,0,srinivasulum,
580,110,HE-KARNATAKA 3,1,0,srinivasulum,
581,110,HE-KARNATAKA 4,1,0,srinivasulum,
582,111,HE-TELANGANA 1,1,0,bachinas,
583,111,HE-TELANGANA 2,1,0,srinivasulum,
584,112,HE-CHATTISHGARH,1,0,amitsg,
585,113,HE-AHMEDABAD,1,0,H314,
586,113,HE-RAJKOT,1,0,brijeshag,
587,113,HE-SURAT 1,1,0,jigarhd,
588,113,HE-SURAT 2,1,0,jigarhd,
589,114,HE-INDORE,1,0,M1089,
590,114,HE-REST OF MP,1,0,M1089,
591,115,HE-PUNE,1,0,K732,
592,116,HE-NAGPUR,1,0,R1630,
593,117,HE-NASIK,1,0,A1688,
594,118,HE-BELAPUR,1,0,sukeshss,
595,118,HE-BORIVALI,1,0,avinashad,
596,118,HE-MUMBAI,1,0,avinashad,
597,118,HE-THANE,1,0,sukeshss,
598,105,HE-BHILWARA,1,0,V912,
599,105,HE-BIKANER,1,0,jitenders,
600,141,KARWAR,1,0,vishwanathpr,
601,77,HL-RAYALASEEMA,1,0,B528,
602,78,HL-TELANGANA 1,1,0,S2713,
603,77,HL-VIZAG,1,0,vishnupg,
604,79,HL-CHENNAI,1,0,S2935,
605,136,HL-BANGALORE,1,0,dyavappamm,
606,136,HL-HOSUR,1,0,mhageeswaraa,
607,81,HL-SOUTH KA,1,0,S2731,
608,132,HL-COIMBATORE,1,0,rafis,
609,76,HL-KOLHAPUR,1,0,D556,
610,76,HL-PUNE PCMC ,1,0,A1797,
611,82,HL-KERALA,1,0,S2846,
612,21,SURI,1,0,subhasisr,
613,48,DAUSA,1,0,S3033,
614,69,HARDA,1,0,A1914,
615,60,BIJAPUR,1,0,nitinsp,
616,125,SHILLONG,1,0,D532,
617,76,AHMEDNAGAR - CHFL,1,0,R1560,
618,119,LUDHIANA HE,1,0,sukhbirs,
619,59,TUMKUR,1,0,P928,
620,150,HL-JODHPUR,1,0,A1963,
621,88,UDAIPUR HL,1,0,CF00533,
622,79,COIMBATORE CHFL,1,0,V17756,
623,7,VALPARAI,1,0,jaganathana,
624,77,KURNOOL-CHFL,1,0,CF00067,
625,133,KUMBAKONAM - CHFL,1,0,rafis,
626,126,HUBLI HL,1,0,K790,
627,121,DIBRUGARH,1,0,biswajits,
628,122,DANTEWADA,1,0,V577,
629,95,RAIGANJ,1,0,S2514,
630,123,TEZPUR,1,0,kinkumonik,
631,21,RAJARHAT,1,0,A1958,
632,124,DARBANGHA,1,0,nishantk,
633,128,RAIPUR HL,1,0,CF00649,
634,127,JAIPUR HL,1,0,CF00649,
635,101,HE-AGRA,1,0,R1437,
636,129,KARNAL HL,1,0,paulvee,
637,129,ROHTAK HL,1,0,paulvee,
638,130,TRIVANDRUM HL,1,0,S2846,
639,133,KANCHEEPURAM HL,1,0,sathishks,
640,132,TRICHY HL,1,0,rafis,
641,134,NIZAMABAD HL,1,0,moizep,
642,135,RAJAHMUNDRY HL,1,0,S2713,
643,94,PALAKKAD,1,0,harism,
644,193,SRIKAKULAM,1,0,kusettirr,
645,94,KALPETTA,1,0,CF01997,
646,130,KERALA HL,1,0,S2871,
647,24,NAGAUR,1,0,CF01322,
648,137,PALAKKAD,1,0,anoopr,
649,197,HOSUR,1,0,A1239,
650,7,NAMAKKAL,1,0,sathiskumart,
651,139,SANGAREDDY,1,0,srinivasbandi,
652,139,MAHABUBNAGAR,1,0,surendranathaga,
653,140,MIRYALAGUDA,1,0,mopidevisssrkds,
654,59,HL_TUMKUR,1,0,CF00803,
655,61,NAGPUR,1,0,mathewam,
656,141,CHITRADURGA,1,0,girishms,
657,137,KATTAPPANA,1,0,brineshn,
658,143,DHARMAPURI,1,0,S2785,
659,59,CHIKKABALLAPUR,1,0,V961,
660,59,RAMANAGARA,1,0,rakeshpss,
661,60,BAGALKOT,1,0,santoshjn,
662,89,NAGERCOIL,1,0,CF02865,
663,138,VILLUPURAM,1,0,ramkumarn,
664,59,KOLAR,1,0,shivakumarc,
665,59,MANDYA,1,0,chandrur,
666,6,TAMBARAM,1,0,arockiada,
667,6,THIRUVALLUR,1,0,R1737,
668,7,TIRUPUR,1,0,CF04715,
669,149,JALNA,1,0,sunilvs,
670,74,SAMASTIPUR,1,0,C272,
671,151,CALICUT,1,0,josephpl,
672,152,BHAGALPUR,1,0,gangadhars,
673,153,HALDWANI,1,0,anshulg,
674,153,KASHIPUR,1,0,anshulg,
675,136,MYSORE,1,0,K790,
676,156,KARIMNAGAR HL,1,0,S2713,
677,44,PANVEL,1,0,CF04326,
678,52,SARAIPALI,1,0,avinashkn,
679,142,PATHANAMTHITTA,1,0,CF00846,
680,96,BURDWAN,1,0,someng,
681,158,CHANDIGARH,1,0,V17750,
682,66,CHURU,1,0,atulagarwal,
683,12,ABOHAR,1,0,CF00754,
684,54,HARDOI,1,0,abulf,
685,50,BIHTA,1,0,hemantks,
686,74,BETTIAH,1,0,sushantks,
687,124,SITAMARHI,1,0,nishantk,
688,152,KISHANGANJ,1,0,gangadhars,
689,52,BALODA BAZAR,1,0,ssewkendra,
690,65,KHAIRAGARH,1,0,prakashks,
691,161,BORPETAROAD,1,0,mridulcb,
692,69,NARMADAPURAM,1,0,prashantkm,
693,122,KONDAGAON,1,0,A1161,
694,161,MANIPUR,1,0,mridulcb,
695,96,GANGTOK,1,0,someng,
696,89,KARAIKUDI,1,0,pradeepkumarb,
697,67,RATNAGIRI,1,0,nirajng,
698,138,PUDUKOTTAI,1,0,sudhakarank,
699,138,KARUR,1,0,sudhakarank,
700,138,CUDDALORE,1,0,sudhakarank,
701,157,SRINAGAR,1,0,V17750,
702,32,DELHI - PUNJABI BAGH,1,0,CF00824,
703,164,GHAZIABAD,1,0,sandeepkj,
704,165,SRINAGAR,1,0,S2427,
705,2,ONGOLE,1,0,srinivasark,
706,142,ALLEPPEY,1,0,sarathcs,
707,94,KANHANGAD,1,0,josephpl,
708,137,THRISSUR,1,0,vinodetk,
709,164,NOIDA,1,0,sandeepkj,
710,166,GURGAON,1,0,jagatsb,
711,11,SIRSA,1,0,S2833,
712,159,SAHARANPUR,1,0,dewakarsb,
713,159,MORADABAD,1,0,dewakarsb,
714,159,RISHIKESH,1,0,dewakarsb,
715,153,SHAHJAHANPUR,1,0,anshulg,
716,153,BAREILLY,1,0,anshulg,
717,166,DELHI WEST,1,0,jagatsb,
718,13,SHIMLA,1,0,S2606,
719,13,UNA,1,0,S2606,
720,165,JAMMU,1,0,S2427,
721,161,SHILLONG,1,0,mridulcb,
722,95,GANGTOK,1,0,subratorc,
723,92,CHITTORGARH,1,0,jagatsb,
724,137,COCHIN,1,0,vinodetk,
725,13,MANDI,1,0,S2606,
726,124,BEGUSARAI,1,0,pritams,
727,171,NAGARCOIL,1,0,J467,
728,2,GUDIVADA,1,0,srinivasark,
729,173,GUNA,1,0,praveenkhare,
730,174,KHARAGPUR,1,0,bijaykp,
731,3,HINDUPUR,1,0,prasadg,
732,3,CHITTOOR,1,0,prasadg,
733,44,GHATKOPAR,1,0,CF00279,
734,64,ODISHA 2,1,0,rameshjv,
735,64,KHARIAR ROAD,1,0,rameshjv,
736,155,DAVANAGERE,1,0,K790,
737,175,ANDHERI,1,0,CF05594,0
738,65,BALOD,1,0,proshantorc,
739,20,PURI,1,0,biswajitm,
740,176,GAYA,1,0,M1124,
741,176,SASARAM,1,0,M1124,
742,176,NAWADA,1,0,M1124,
743,177,CHANDIGARH,1,0,V956,
744,178,NASHIK,1,0,CF05652,
745,179,ANDHERI CSEL,1,0,CF05594,
746,166,DELHI - CENTRAL,1,0,jagatsb,
747,53,KHARSIA,1,0,satishs,
748,191,PATHLGAON,1,0,rakeshrs,
749,153,KHATIMA,1,0,anshulg,
750,92,DUNGARPUR,1,0,Sanjaykm,
751,165,CHANDIGARH,1,0,S2427,
752,12,BATHINDA,1,0,CF11623,
753,164,FARIDABAD,1,0,sandeepkj,
754,121,JORHAT,1,0,apurbag,
755,6,MEDAVAKKAM,1,0,sudhakarank,
756,195,MANDYA,1,0,S2686,
757,195,TUMKUR,1,0,S2686,
758,194,GULBARGA,1,0,govindrm,
759,194,RAICHUR,1,0,govindrm,
760,196,BHAVNAGAR,1,0,saumild,
761,9,GURGAON,1,0,CF11360,
762,100,GURGAON,1,0,CF11360,
774,205,NELLORE,1,0,subramanyamy,
775,166,DELHI SGTN,1,0,jagatsb,
776,166,BULANDSHAHAR,1,0,sandeepkj,
777,164,MEERUT,1,0,sandeepkj,
778,164,BULANDSHAHAR,1,0,sandeepkj,
779,13,SOLAN,1,0,S2606,
780,173,CHATTARPUR,1,0,P997,
781,173,MORENA,1,0,P997,
782,206,PURI,1,0,biswajitm,
783,206,ANGUL,1,0,biswajitm,
784,207,SAMBALPUR,1,0,rameshjv,
785,208,PARADEEP,1,0,sushilkj,
786,208,CUTTACK,1,0,sushilkj,
787,197,DHARMAPURI,1,0,nethajis,
788,72,RAJARHAT,1,0,CF09255,
789,61,YAVATMAL,1,0,anupkk,
790,21,KRISHNANAGAR,1,0,CF06471,
791,52,GARIYABAND,1,0,ssewkendra,
792,109,SALEM LAP,1,0,sivaprakashs,
793,132,HL NAGERCOIL,1,0,CF02865,
794,210,UNA,1,0,S2606,
795,7,OOTY,1,0,mohanskc,
796,65,DONGARGARH,1,0,proshantorc,
797,50,DARBHANGA,1,0,CB41889,
798,211,MOGA ,1,0,V956,
799,212,MOGA ,1,0,V956,
800,205,KAKINADA,1,0,venkatarp,
801,209,TEZPUR,1,0,deepkd,
802,162,LAKHIMPUR NE,1,0,apurbag,
803,161,NOAGAON,1,0,M1018,
804,209,BARPETA ROAD,1,0,deepkd,
805,209,BONGAIGAON,1,0,deepkd,
806,163,AGARTALA,1,0,rajibl,
807,137,MUVATTUPUZHA,1,0,harism,
808,193,KAKINADA,1,0,ravindranathtp,
