"PK_CITYID","CITY_NAME","CITY_CODE","IS_ACTIVE","IS_DELETE","FK_CITYCATEGORY_ID"
1,MUMBAI,MUM,1,0,4
2,PUNE,PUN,1,0,1
3,DELHI,DH,1,0,4
4,CHENNAI,CHENNAI,1,0,1
386,Abohar,Abohar,1,0,3
387,Abu Road,Abu Road,1,0,3
388,Adoni,Adoni,1,0,3
389,AGRA,AGRA,1,0,2
390,AHMEDABAD,AHMEDABAD,1,0,1
391,Ahmednagar,Ahmednagar,1,0,3
392,AJMER,AJMER,1,0,2
393,Akola,Akola,1,0,3
394,ALIGARH,ALIGARH,1,0,3
395,ALLAHABAD,ALLAHABAD,1,0,3
396,Alappuzha,Alappuzha,1,0,3
397,Almora,Almora,1,0,3
398,Alwar,Alwar,1,0,3
399,Ambala,Ambala,1,0,3
400,Ambikapur,Ambikapur,1,0,3
401,Amravati,Amravati,1,0,3
402,Amreli,Amreli,1,0,3
403,Amristar,Amristar,1,0,2
404,Anakapalli,Anakapalli,1,0,3
405,Anand,Anand,1,0,3
406,Anantapur,Anantapur,1,0,3
407,Angul,Angul,1,0,3
408,Asansol,Asansol,1,0,2
409,Attingal,Attingal,1,0,3
410,AURANGABAD,AURANGABAD,1,0,2
411,Autonagar,Autonagar,1,0,3
412,Badbil,Badbil,1,0,3
413,Baddi,Baddi,1,0,3
414,Baddi (Nalagarh),Baddi (Nalagarh),1,0,3
415,Bagalkot,Bagalkot,1,0,3
416,Balasore,Balasore,1,0,3
417,Balod,Balod,1,0,3
418,Balodabazar,Balodabazar,1,0,3
419,Balotra,Balotra,1,0,3
420,BANGALORE,BANGALORE,1,0,1
421,Bankura,Bankura,1,0,3
422,Banswara,Banswara,1,0,3
423,Baramati,Baramati,1,0,3
424,Barasat,Barasat,1,0,3
425,BAREILLY,BAREILLY,1,0,3
426,Bargarh,Bargarh,1,0,3
427,Barmer,Barmer,1,0,3
428,BARODA,BARODA,1,0,2
429,Barwani,Barwani,1,0,3
430,BATHINDA,BATHINDA,1,0,3
431,Beharampur,Beharampur,1,0,3
432,Behror,Behror,1,0,3
433,BELGAUM,BELGAUM,1,0,3
434,Bellary,Bellary,1,0,3
435,Berhampore,Berhampore,1,0,3
436,Betul,Betul,1,0,3
437,Bhagalpur,Bhagalpur,1,0,3
438,Bhanupratappur,Bhanupratappur,1,0,3
439,Bharatpur,Bharatpur,1,0,3
440,Bharuch,Bharuch,1,0,3
441,BHAVNAGAR,BHAVNAGAR,1,0,3
442,BHILAI,BHILAI,1,0,2
443,Bhilwara,Bhilwara,1,0,3
444,Bhimavaram,Bhimavaram,1,0,3
445,Bhinmal,Bhinmal,1,0,3
446,Bhiwani,Bhiwani,1,0,3
447,BHOPAL,BHOPAL ,1,0,2
448,Bhubaneswar,BHUBANESWAR,1,0,2
449,Bhuj,Bhuj,1,0,3
450,Bijapur,Bijapur,1,0,3
451,BIKANER,BIKANER,1,0,2
452,BILASPUR,BILASPUR,1,0,3
453,BOKARO,BOKARO,1,0,2
454,Branch,BRANCH,1,0,
455,Burdwan,Burdwan,1,0,3
456,CALICUT,CALICUT,1,0,2
457,Chamraj Nagar,Chamraj Nagar,1,0,3
458,CHANDIGARH,CHANDIGARH,1,0,2
459,Chandrapur,Chandrapur,1,0,3
460,Chattarpur,Chattarpur,1,0,3
461,Chengalpettu,Chengalpettu,1,0,3
463,Chickmaglur,Chickmaglur,1,0,3
464,Chikhali,Chikhali,1,0,3
465,Chinddwara,Chinddwara,1,0,3
466,CHITTORGARH,CHITTORGARH,1,0,3
467,Chomu,Chomu,1,0,3
468,Churu,Churu,1,0,3
469,COCHIN,COCHIN,1,0,2
470,COIMBATORE,COIMBATORE,1,0,2
471,Coochbehar,Coochbehar,1,0,3
472,CUDDALORE,CUDDALORE,1,0,3
473,Damoh,Damoh,1,0,3
474,Dausa,Dausa,1,0,3
475,Davangre,Davangre,1,0,3
476,DEHRADUN,DEHRADUN,1,0,2
478,DELHI SGTN,DELHI SGTN,1,0,4
479,DELHI WEST,DELHI WEST,1,0,4
480,Dhamtari,Dhamtari,1,0,3
481,DHANBAD,DHANBAD,1,0,2
482,Dharapuram,Dharapuram,1,0,3
483,Dharmapuri,Dharmapuri,1,0,3
484,Dholka,Dholka,1,0,3
485,Dhule,Dhule,1,0,3
486,Dindigul,Dindigul,1,0,3
487,DURGAPUR,DURGAPUR,1,0,2
488,Eluru,Eluru,1,0,3
489,ERODE,ERODE,1,0,2
490,Faridabad,Faridabad,1,0,1
491,Fatehabad,Fatehabad,1,0,3
492,Gadag,Gadag,1,0,3
493,Gadwala,GADWALA,1,0,3
494,Gandhidham,Gandhidham,1,0,3
495,Gaya,Gaya,1,0,3
496,Gharsana Mandi,Gharsana Mandi,1,0,3
497,GOA,GOA,1,0,2
498,Gobichettipalayam,Gobichettipalayam,1,0,3
499,Godhra,Godhra,1,0,3
500,Gondia,Gondia,1,0,3
501,Gudiwada,Gudiwada,1,0,3
502,Gulbarga,Gulbarga,1,0,3
503,Guna,Guna,1,0,3
504,GUNTUR,GUNTUR,1,0,2
505,Gurdaspur,Gurdaspur,1,0,3
506,Gurgaon,Gurgaon,1,0,1
507,GUWAHATI,GUWAHATI,1,0,2
508,GWALIOR,GWALIOR,1,0,3
509,HALDWANI,HALDWANI,1,0,3
510,Hanumangarh,Hanumangarh,1,0,3
511,Harda,Harda,1,0,3
512,Hardoi,Hardoi,1,0,3
513,Haridwar,Haridwar,1,0,3
514,Hassan,Hassan,1,0,3
515,Haveri,Haveri,1,0,3
516,Hazaribagh,Hazaribagh,1,0,3
517,Himmatnagar,Himmatnagar,1,0,3
518,Hindaun,Hindaun,1,0,3
519,Hissar,Hissar,1,0,3
520,Hoshangabad,Hoshangabad,1,0,3
521,Hospet,Hospet,1,0,3
522,HOSUR,HOSUR,1,0,3
523,HUBLI,HUBLI,1,0,3
524,HYDERABAD,HYDERABAD,1,0,1
525,INDORE,INDORE,1,0,2
526,JABALPUR,JABALPUR,1,0,2
527,Jagdalpur,Jagdalpur,1,0,3
528,Jaggaiahpet,Jaggaiahpet,1,0,3
529,JAIPUR,JAIPUR,1,0,1
530,Jaisalmer,Jaisalmer,1,0,2
531,JALANDHAR,JALANDHAR,1,0,2
532,Jalgaon,Jalgaon,1,0,3
533,Jalna,Jalna,1,0,3
534,JAMNAGAR,JAMNAGAR,1,0,3
535,Jamshedpur,Jamshedpur,1,0,2
536,Jeypore,Jeypore,1,0,3
537,Jhalawar,Jhalawar,1,0,3
538,Jharsugda,Jharsugda,1,0,3
539,Jhunjhunu,Jhunjhunu,1,0,3
540,JODHPUR,JODHPUR,1,0,3
541,Junagadh,Junagadh,1,0,3
542,Kadapa,Kadapa,1,0,3
543,Kaithal,Kaithal,1,0,3
544,KAKINADA,KAKINADA,1,0,2
545,kalpetta,kalpetta,1,0,3
546,Kancheepuram,Kancheepuram,1,0,3
547,Kanhangad,Kanhangad,1,0,3
548,Kankavali,Kankavali,1,0,3
549,Kannur,Kannur,1,0,3
550,KANPUR,KANPUR,1,0,2
551,Karaikudi,Karaikudi,1,0,3
552,KARIMNAGAR,KARIMNAGAR,1,0,1
553,KARNAL,KARNAL,1,0,3
554,KARUR,KARUR,1,0,3
555,Katni,Katni,1,0,3
556,Kattappana,Kattappana,1,0,3
557,Kawardha,Kawardha,1,0,3
558,Keonjhar,Keonjhar  ,1,0,3
559,Khammam,Khammam,1,0,3
560,Khandawa,Khandawa,1,0,3
561,Khanna,Khanna,1,0,3
562,Kharagpur,Kharagpur,1,0,3
563,Khariar Road,Khariar Road,1,0,3
564,Kodad,Kodad,1,0,3
565,Kolar,Kolar,1,0,3
566,KOLHAPUR,KOLHAPUR,1,0,3
567,KOLKATTA,KOLKATTA,1,0,1
568,Kollam,Kollam,1,0,3
569,Korba,Korba,1,0,3
570,KOTA,KOTA,1,0,2
571,Kothagudem,Kothagudem,1,0,3
572,KOTTAYAM,KOTTAYAM,1,0,3
573,Krishnanagar,Krishnanagar,1,0,3
574,Kuchaman,Kuchaman,1,0,3
575,Kumbakonam,Kumbakonam,1,0,3
576,Kundapur,Kundapur,1,0,3
577,Kurnool,Kurnool,1,0,3
578,Latur,Latur,1,0,3
579,LUCKNOW,LUCKNOW,1,0,2
580,LUDHIANA,LUDHIANA,1,0,2
581,Madanapalli,Madanapalli,1,0,3
582,MADURAI,MADURAI,1,0,2
583,Mahabubnagar,MAHABUBNAGAR,1,0,3
584,Mahasamund,Mahasamund,1,0,3
585,Malda,Malda,1,0,3
586,Malegaon,Malegaon,1,0,3
587,Manchiryal,Manchiryal,1,0,3
588,Mandi,Mandi,1,0,3
589,Mandya,Mandya,1,0,3
590,Manendragarh,Manendragarh,1,0,3
591,MANGALORE,MANGALORE,1,0,2
592,Manjeri,Manjeri,1,0,3
593,Mathura,Mathura,1,0,3
594,MEERUT,MEERUT,1,0,3
595,Mehsana,Mehsana,1,0,3
596,Merta City,Merta City,1,0,3
597,Miryalaguda,Miryalaguda,1,0,3
598,Modasa,Modasa,1,0,3
599,Moga,Moga,1,0,3
600,Moradabad,Moradabad,1,0,3
601,Morbi,Morbi,1,0,3
602,MUMBAI-BKC,MUMBAI-BKC,1,0,4
603,Mundra,Mundra,1,0,3
604,Muzaffarpur,Muzaffarpur,1,0,3
605,MYSORE,MYSORE,1,0,2
606,Nadiad,Nadiad,1,0,3
607,Nagaur,Nagaur,1,0,3
608,Nagercoil,Nagercoil,1,0,3
609,NAGPUR,NAGPUR,1,0,1
610,Naidupet,Naidupet,1,0,3
611,Namakkal,Namakkal,1,0,3
612,Nanded,Nanded,1,0,3
613,Nandyal,Nandyal,1,0,3
614,Narasaraopet,Narasaraopet,1,0,3
615,Narayangaon,Narayangaon,1,0,3
616,NASIK,NASIK,1,0,2
617,Nasirabad,Nasirabad,1,0,3
618,Navi Mumbai,Navi Mumbai,1,0,4
619,Neemuch,Neemuch,1,0,3
620,NELLORE,NELLORE,1,0,3
621,Nirmal,Nirmal,1,0,3
622,Nizamabad,Nizamabad,1,0,3
623,NOIDA,NOIDA,1,0,1
624,Nokha,Nokha,1,0,3
625,Ongole,Ongole,1,0,3
626,Ooty,Ooty,1,0,3
627,Orissa Behrampur,Orissa Behrampur,1,0,3
628,Orissa Jajpur Road,Orissa jajpur road,1,0,3
629,Palakkadu,Palakkadu,1,0,3
630,Palanpur,Palanpur,1,0,3
631,Palwal,Palwal,1,0,3
632,Panipat,Panipat,1,0,3
633,Paradeep,Paradeep,1,0,3
634,Patan,Patan,1,0,3
635,Pathanamthitta,Pathanamthitta,1,0,3
636,Pathankot,Pathankot,1,0,3
637,Pathlgaon,Pathlgaon,1,0,3
638,PATIALA,PATIALA,1,0,3
639,PATNA,PATNA,1,0,2
640,Pen,Pen,1,0,3
641,Perambalur,Perambalur,1,0,3
642,Pithoragarh,Pithoragarh,1,0,3
643,Pollachi,Pollachi,1,0,3
644,PONDICHERRY,PONDICHERRY,1,0,3
645,Porbandar,Porbandar,1,0,3
646,Proddatur,Proddatur,1,0,3
647,PUDUKKOTTAI,PUDUKKOTTAI,1,0,3
649,Puri,Puri,1,0,3
650,Purnea,Purnea,1,0,3
651,Rai Bareilly,Rai Bareilly,1,0,3
652,Raigarh,Raigarh,1,0,3
653,RAIPUR,RAIPUR,1,0,3
654,RAJAHMUNDRY,RAJAHMUNDRY,1,0,2
655,RAJKOT,RAJKOT,1,0,3
656,Rajnandgoan,Rajnandgoan,1,0,3
657,Rajpipla,Rajpipla,1,0,3
658,Ramnad,Ramnad,1,0,3
659,RANCHI,RANCHI,1,0,2
660,Ratlam,Ratlam,1,0,3
661,Ratnagiri,Ratnagiri,1,0,3
662,Rayagada,Rayagada,1,0,3
663,Reewa,Reewa,1,0,3
664,Rewa,Rewa,1,0,3
665,ROURKELA,ROURKELA,1,0,2
666,Saagar Karnataka,Saagar Karnataka,1,0,3
667,Sagar,Sagar,1,0,3
668,Saharanpur,Saharanpur,1,0,3
669,SALEM,SALEM,1,0,2
670,Sambalpur,Sambalpur,1,0,3
671,Sangareddy,SangaReddy,1,0,3
672,Sangamner,Sangamner,1,0,3
673,SANGLI,SANGLI,1,0,3
674,Sangrur,Sangrur,1,0,3
675,Sankagiri,Sankagiri,1,0,3
676,Sasaram,Sasaram,1,0,3
677,Satara,Satara,1,0,3
678,Satna,Satna,1,0,3
679,Sawai Madhopur,Sawai Madhopur,1,0,3
680,Sawaimadhopur,Sawaimadhopur,1,0,3
681,Shahdol,Shahdol ,1,0,3
682,Shahpura,Shahpura,1,0,3
683,SHIMLA,SHIMLA,1,0,2
684,Shimoga,Shimoga,1,0,3
685,Siddepet,Siddepet,1,0,3
686,Sikar,Sikar,1,0,3
687,SILIGURI,SILIGURI,1,0,2
688,Sindhnoor,Sindhnoor,1,0,3
689,Sirsa,Sirsa,1,0,3
690,Sivakasi,Sivakasi,1,0,3
691,Solan,Solan,1,0,3
692,SOLAPUR,SOLAPUR,1,0,3
693,Sonipat,Sonipat,1,0,3
694,Sri Ganganagar,Sri Ganganagar,1,0,3
695,Srikakulam,Srikakulam,1,0,3
696,SRINAGAR,SRINAGAR,1,0,2
697,Sumerpur,Sumerpur,1,0,3
698,Sundergarh,Sundergarh,1,0,3
699,SURAT,SURAT,1,0,1
700,Surendranagar,Surendranagar,1,0,3
701,Suri,Suri,1,0,3
702,Tadapallikudam,Tadapallikudam,1,0,3
703,Tadipatri,Tadipatri,1,0,3
704,Thane,Thane,1,0,3
705,Thanjavur,Thanjavur,1,0,3
706,Theni,Theni,1,0,3
707,Thiruvallur,Thiruvallur,1,0,3
708,Thrissur,Thrissur,1,0,3
709,TIRUNELVELI,TIRUNELVELI,1,0,3
710,TIRUPATI,TIRUPATI,1,0,3
711,Tirupatur,Tirupatur,1,0,3
712,Tirupur,Tirupur,1,0,3
713,Tirur,Tirur,1,0,3
714,Tiruvannamalai,Tiruvannamalai,1,0,3
715,Tiruvarur,Tiruvarur,1,0,3
716,TRICHY,TRICHY,1,0,2
717,TRIVANDRUM,TRIVANDRUM,1,0,2
718,Tumkur,Tumkur,1,0,3
719,Tuni,Tuni,1,0,3
720,Tuticorin,Tuticorin,1,0,3
721,UDAIPUR,UDAIPUR,1,0,2
722,Una,Una,1,0,3
723,Valsad,Valsad,1,0,3
724,Vapi,Vapi,1,0,3
725,VELLORE,VELLORE,1,0,3
726,VIJAYAWADA,VIJAYAWADA,1,0,2
727,Villupuram,Villupuram,1,0,3
728,Visakapatinam,Visakapatinam,1,0,2
729,Vizianagaram,Vizianagaram,1,0,3
730,Vyara,Vyara,1,0,3
731,Warangal,Warangal,1,0,3
732,Wardha,Wardha,1,0,3
733,Wb Berhampore,Wb Berhampore,1,0,3
734,Yamuna Nagar,Yamuna Nagar,1,0,3
735,Yavatmal,Yavatmal,1,0,3
736,Cuddapah,CUDDAPAH,1,0,3
737,Rajnandgaon,RAJNANDGAON,1,0,3
738,Beltangady,BELTANGADY,1,0,3
739,Bangalore - Hennur,BANGALORE - HENNUR,1,1,
740,Jajpur,JAJPUR,1,0,3
742,Ho,HO,0,0,1
743,Barbil,BARBIL,1,0,3
745,Tonk,Tonk,1,0,3
746,Phulera,Phulera,1,0,3
747,Davangere,DAVANGERE,1,0,3
748,Old-madurai,Old-Madurai,1,0,2
749,Etawah,Etawah,1,0,3
750,Firozabad,Firozabad,1,0,3
751,Sonbhadra,Sonbhadra,1,0,3
752,Dungarpur,Dungarpur,1,0,3
753,Shivpuri,Shivpuri,1,0,3
754,Muzaffarnagar,Muzaffarnagar,1,0,3
755,Muvattupuzha,Muvattupuzha,1,0,3
756,Wani,Wani,1,0,3
757,Banda,Banda,1,0,3
758,Ujjain,Ujjain,1,0,3
759,Orai,Orai,1,0,3
760,Rajsamand,Rajsamand,1,0,3
761,Farrukhabad,Farrukhabad,1,0,3
762,Basavakalyan,Basavakalyan,1,0,3
763,VARANASI,VARANASI,1,0,3
764,Mirzapur,Mirzapur,1,0,3
765,Jamkhambhaliya,Jamkhambhaliya,1,0,3
766,Pusad,Pusad,1,0,3
767,Karad,Karad,1,0,3
768,Mahuva,Mahuva,1,0,3
769,Botad,Botad,1,0,3
770,Shahada,Shahada,1,0,3
771,Bodeli,Bodeli,1,0,3
772,Gandhinagar,Gandhinagar,1,0,2
773,Washim,Washim,1,0,3
774,Tadepalligudeum,TADEPALLIGUDEUM,1,0,3
775,Krishnagiri,KRISHNAGIRI,1,0,3
776,Sujangarh,SUJANGARH,1,0,3
777,ANGAMALY,ANG,1,0,3
778,FAIZABAD,FAI,1,0,3
779,JHABUA,JHA,1,0,3
780,CHARKHI DADRI,CD,1,0,3
781,NARNAUL,NAR,1,0,3
782,KHARGONE,KHA,1,0,3
783,DEWAS,DEW,1,0,3
784,SARAIPALI,SAR,1,0,3
785,SHAJAPUR,SHA,1,0,3
786,JORHAT,JORHAT,1,0,3
787,PIMPRI CHINCHWAD,PC,1,0,3
788,BONGAIGAON,BONG,1,0,3
789,LAKHIMPUR,LAK,1,0,3
790,Indapur,Indapur,1,0,3
791,MAHADEV PLAZA - JAMNAGAR, MAHADEV PLAZA - JAMNAGAR,1,0,3
792,Shrirampur,,1,0,3
793,Narsinghpur,,1,0,3
794,Hoshiarpur,,1,0,3
795,Chaibasa,,1,0,3
796,Mansa,,1,0,3
797,Kovilpatti,,1,0,3
798,Irinjalakuda,,1,0,3
799,Shahjahanpur,,1,0,3
800,Vasai,,1,0,3
801,Rohtak,,1,0,3
802,Bahadurgarh,,1,0,3
803,Rewari,,1,0,3
804,Pala,,1,0,3
805,Biaora,,1,0,3
806,Rampur,,1,0,3
807,GORAKHPUR,GORAKHPUR,1,0,3
808,Bhawanipatna,,1,0,3
809,Jind,,1,0,3
810,Bareli,,1,0,3
811,Yeola,,1,0,3
812,Loonkaransar,,1,0,3
813,Ambattur,,1,0,1
814,Tandur,,1,0,3
815,Baharagora,,1,0,3
816,Baran,,1,0,3
817,Parbhani,,1,0,3
818,Kashipur,,1,0,3
819,Nalgonda,,1,0,3
820,Chiplun,,1,0,3
821,Dhanera,,1,0,3
822,Malkapur,,1,0,3
823,Pali,,1,0,3
824,Nuzvid,,1,0,3
825,Markapur,Markapur,1,0,3
826,Pokaran,,1,0,3
827,Tinsukia,,1,0,3
828,Barnala,,1,0,3
829,Punalur,,1,0,3
830,Koderma,,1,0,3
831,Kangra,,1,0,3
832,Daltonganj,,1,0,3
833,JAMMU, JAMMU,1,0,2
834,Kala Amb,,1,0,3
835,Tiruvottiyur,,1,0,1
836,Vadakara,,1,0,3
837,Navsari,,1,0,3
838,Dumka,,1,0,3
839,Giridih,,1,0,3
840,Saharsa,,1,0,3
841,Ara,,1,0,3
842,Begusrai,,1,0,3
843,Bilaspur(HP),,1,0,3
844,Chalisgaon,,1,0,3
845,Dahod,,1,0,3
846,Deoghar,,1,0,3
847,Vidisha,,1,0,3
848,Jhansi,,1,0,3
849,Motihari,,1,0,3
850,Pandharpur,,1,0,3
851,Perinthalamanna,,1,0,3
852,RAICHUR,RAICHUR,1,0,3
853,Vaijapur,,1,0,3
854,Veraval,,1,0,3
855,Bhivandi,,1,0,3
856,Gumla,,1,0,3
857,Osmanabad,,1,0,3
858,Pakur,,1,0,3
859,Ramgarh,,1,0,3
860,Palayamkottai,Palayamkottai,1,0,3
861,KALVAN,"423501",1,0,3
862,TAMLUK,TAMLUK,1,0,3
863,MANCHERIAL,MANCHERIAL,1,0,3
864,Cachar,Cachar,1,0,3
865,Neem-Ka-Thana,Neem-Ka-Thana,1,0,3
866,THALASSERRY,THALASSERRY,1,0,3
867,Howrah,Howrah,1,0,3
868,Chandannagar,Chandannagar,1,0,3
869,Contai,Contai,1,0,3
870,Darbangha,Darbangha,1,0,3
871,Jashpur,Jashpur,1,0,3
872,Nawada,Nawada,1,0,3
873,BUNDI,BUNDI,1,0,3
874,KHAMGAON,KHAMGAON,1,0,3
875,SHAHAPUR,SHAHAPUR,1,0,3
876,CHANDIKHOLE,CHANDIKHOLE,1,0,3
877,GARIYABAND,GARIYABAND,1,0,3
878,BAHRAICH,BAHRAICH,1,0,3
879,CHITTOOR,CHITTOOR,1,0,3
880,GODDA,GODDA,1,0,3
881,SITAMARHI,SITAMARHI,1,0,3
882,ASHOK NAGAR,ASHOK NAGAR,1,0,3
883,DHAR,DHAR,1,0,3
884,MANDLA,MANDLA,1,0,3
885,BURHANPUR,BURHANPUR,1,0,3
886,SEONI,SEONI,1,0,3
887,TIKAMGARH,TIKAMGARH,1,0,3
888,PENDRA,PENDRA,1,0,3
889,TILDA,TILDA,1,0,3
890,BULANDSHAHR,BULANDSHAHR,1,0,3
891,RADHANPUR,RADHANPUR,1,0,3
892,BHOKARDAN,BHOKARDAN,1,0,3
893,HINGOLI,HINGOLI,1,0,3
894,DHENKANAL,DHENKANAL,1,0,3
895,PARALAHEMUNDI,PARALAHEMUNDI,1,0,3
896,NAYAGARH,NAYAGARH,1,0,3
897,CUTTACK,CUTTACK,1,0,3
898,HAMIRPUR,HAMIRPUR,1,0,3
899,BALESAR,BALESAR,1,0,3
900,BIJOLIA,BIJOLIA,1,0,3
901,KALLAKURICHI,KALLAKURICHI,1,0,3
902,VRIDHACHALAM,VRIDHACHALAM,1,0,3
903,METTUPALAYAM,METTUPALAYAM,1,0,3
904,ATTUR,ATTUR,1,0,3
905,TENKASI,TENKASI,1,0,3
906,PRATAPGARH,PRATAPGARH,1,0,3
907,BASTI,BASTI,1,0,3
908,DEORIA,DEORIA,1,0,3
909,KHATIMA,KHATIMA,1,0,3
910,RAGHUNANTHGANJ,RAGHUNANTHGANJ,1,0,3
911,RAIGANJ,RAIGANJ,1,0,3
912,ISLAMPUR,ISLAMPUR,1,0,3
913,SHEOPUR,SHEOPUR,1,0,3
914,PURULIA,PURULIA,1,0,3
915,CHITRADURGA,CHITRADURGA,1,0,3
916,AGARTALA,AGARTALA,1,0,2
917,BARUIPUR,BARUIPUR,1,0,3
918,BASIRHAT,BASIRHAT,1,0,3
919,GHAZIABAD,GHAZIABAD,1,0,1
920,RAPAR,RAPAR,1,0,3
921,KHOPOLI,KHOPOLI,1,0,3
922,TEZPUR,TEZPUR,1,0,3
923,BORIVALI ,BORIVALI ,1,0,3
924,MAHAD,MAHAD,1,0,3
925,MONGALDOI,MONGAL,1,0,3
926,OTHERS,OTHERS,1,0,3
927,NAGAON,NAGAON,1,0,3
928,Hindupur,Hindupur,1,0,3
929,Bhongir,Bhongir,1,0,1
930,Hyderabad - ECIL,Hyderabad - ECIL,1,0,1
931,Medchal,Medchal,1,0,1
932,Adilabad,Adilabad,1,0,3
933,Jagtial,Jagtial,1,0,3
934,Jangaon,Jangaon,1,0,3
935,Mahabubabad,Mahabubabad,1,0,3
936,Dhone,Dhone,1,0,3
937,Kamareddy,Kamareddy,1,0,3
938,Chirala,Chirala,1,0,3
939,Amalapuram,Amalapuram,1,0,3
940,Vinukonda,Vinukonda,1,0,3
941,Palasa,Palasa,1,0,3
942,Bommanahalli,Bommanahalli,1,0,4
943,Devanahalli,Devanahalli,1,0,4
944,Peenya,Peenya,1,0,4
945,Ramanagara,Ramanagara,1,0,4
947,Gokak,Gokak,1,0,3
948,Kumta,Kumta,1,0,3
949,Madikeri,Madikeri,1,0,3
950,Udipi,Udipi,1,0,3
951,Hosadurga,Hosadurga,1,0,3
952,Tiptur,Tiptur,1,0,3
953,Mananthavady,Mananthavady,1,0,3
954,Sulthan Bathery,Sulthan Bathery,1,0,3
955,Thamarassery,Thamarassery,1,0,3
956,Tripunithura,Tripunithura,1,0,3
957,Iritty,Iritty,1,0,3
958,Taliparamba,Taliparamba,1,0,3
959,Kanjirappally,Kanjirappally,1,0,3
960,Kayamkulam,Kayamkulam,1,0,3
961,Thiruvalla,Thiruvalla,1,0,3
962,Nilambur,Nilambur,1,0,3
963,Kunnamkulam,Kunnamkulam,1,0,3
964,Pattambi,Pattambi,1,0,3
965,Nedumangad,Nedumangad,1,0,3
966,Neyyattinkara,Neyyattinkara,1,0,3
967,Poonamallee,Poonamallee,1,0,1
968,Tambaram,Tambaram,1,0,1
969,Thiruvanmiyur,Thiruvanmiyur,1,0,1
970,Chidambaram,Chidambaram,1,0,3
971,Ranipet,Ranipet,1,0,2
972,Sriperumbudur,Sriperumbudur,1,0,1
973,Mayiladuthurai,Mayiladuthurai,1,0,3
974,Ariyalur,Ariyalur,1,0,3
975,Pattukottai,Pattukottai,1,0,3
976,Arani,Arani,1,0,3
977,Harur,Harur,1,0,3
978,Ottanchatram,Ottanchatram,1,0,3
979,Sathyamangalam,Sathyamangalam,1,0,3
980,Kodaikanal,Kodaikanal,1,0,3
981,Udumalpet,Udumalpet,1,0,3
982,Rajapalayam,Rajapalayam,1,0,2
983,Marthandam,Marthandam,1,0,3
984,Tiruchendur,Tiruchendur,1,0,3
985,Balaghat,Balaghat,1,0,3
986,Bramhapuri,Bramhapuri,1,0,3
987,Gadarwara,Gadarwara,1,0,3
988,Katol,Katol,1,0,3
989,Dindori,Dindori,1,0,2
990,Panna,Panna,1,0,3
991,Paratwada,Paratwada,1,0,3
992,Sidhi,Sidhi,1,0,3
993,Agar,Agar,1,0,3
994,Dabra,Dabra,1,0,3
995,Dhamnod,Dhamnod,1,0,3
996,Mandsaur,Mandsaur,1,0,3
997,Sanawad,Sanawad,1,0,3
998,Pachore,Pachore,1,0,3
999,Pipariya,Pipariya,1,0,3
1000,Sehore,Sehore,1,0,3
1001,Jambusar,Jambusar,1,0,3
1002,Kim,Kim,1,0,3
1003,Deodar,Deodar,1,0,3
1004,Kapadwanj,Kapadwanj,1,0,3
1005,Nakhatrana,Nakhatrana,1,0,3
1006,Naroda,Naroda,1,0,1
1007,Sinnar,Sinnar,1,0,3
1008,Chembur,Chembur,1,0,4
1009,Dombivali,Dombivali,1,0,3
1010,Barshi,Barshi,1,0,3
1011,Chakan,Chakan,1,0,1
1012,Jath,Jath,1,0,3
1013,Margao,Margao,1,0,2
1014,Tembhurni,Tembhurni,1,0,3
1015,Barpeta Road,Barpeta Road,1,0,3
1016,Dharmanagar,Dharmanagar,1,0,3
1017,Dibrugarh,Dibrugarh,1,0,3
1018,Karimganj,Karimganj,1,0,3
1019,Udaypur,Udaypur,1,0,2
1020,Sivasagar,Sivasagar,1,0,3
1021,Bangaon,Bangaon,1,0,3
1022,Kalyani,Kalyani,1,0,3
1023,Rajarhat,Rajarhat,1,0,1
1024,Raghunathpur,Raghunathpur,1,0,3
1025,Kalna,Kalna,1,0,3
1026,Rampurhat,Rampurhat,1,0,3
1027,Arambag,Arambag,1,0,3
1028,Bagnan,Bagnan,1,0,3
1029,Dankuni,Dankuni,1,0,2
1030,Ghatal,Ghatal,1,0,3
1031,Jhargram,Jhargram,1,0,3
1032,B.T. Road,B.T. Road,1,0,3
1033,Diamond Harbour,Diamond Harbour,1,0,1
1034,Balurghat,Balurghat,1,0,3
1035,Darjeeling,Darjeeling,1,0,3
1036,Gangtok,Gangtok,1,0,2
1037,Jalpaiguri,Jalpaiguri,1,0,3
1038,Balangir,Balangir,1,0,3
1039,Balugaon,Balugaon,1,0,3
1040,Baripada,Baripada,1,0,3
1041,Bhadrak,Bhadrak,1,0,3
1042,Jagatsinghapur,Jagatsinghapur,1,0,3
1043,Kantabanji,Kantabanji,1,0,3
1044,Nimapara,Nimapara,1,0,3
1045,Kendrapara,Kendrapara,1,0,3
1046,Phulbani,Phulbani,1,0,3
1047,Bettiah,Bettiah,1,0,2
1048,Gopalganj,Gopalganj,1,0,3
1049,Katihar,Katihar,1,0,3
1050,Supaul,Supaul,1,0,3
1051,Samastipur,Samastipur,1,0,3
1053,Bihar Sharif,Bihar Sharif,1,0,2
1054,Forbesganj,Forbesganj,1,0,3
1055,Hajipur,Hajipur,1,0,3
1056,Jehanabad,Jehanabad,1,0,3
1057,Bhatapara,Bhatapara,1,0,3
1058,Rajim,Rajim,1,0,3
1059,Dongargarh,Dongargarh,1,0,3
1060,Kanker,Kanker,1,0,3
1061,Khairagarh,Khairagarh,1,0,3
1062,Kondagaon,Kondagaon,1,0,3
1064,Janjgir,Janjgir,1,0,3
1065,Kharsia,Kharsia,1,0,3
1066,Sarangarh,Sarangarh,1,0,3
1067,Surajpur,Surajpur,1,0,3
1068,Rajdhanwar,Rajdhanwar,1,0,3
1069,Lohardaga,Lohardaga,1,0,3
1070,Chatra,Chatra,1,0,3
1071,Kushinagar,Kushinagar,1,0,3
1072,Maharajganj,Maharajganj,1,0,3
1073,Jaunpur,Jaunpur,1,0,3
1074,Ghazipur,Ghazipur,1,0,3
1075,Kanpur Dehat,Kanpur Dehat,1,0,2
1076,Auraiya,Auraiya,1,0,2
1077,Fatehpur,Fatehpur,1,0,3
1078,Ambedkar Nagar,Ambedkar Nagar,1,0,3
1079,Sultanpur,Sultanpur,1,0,3
1080,Gonda,Gonda,1,0,2
1081,Manesar,Manesar,1,0,1
1082,Hapur,Hapur,1,0,4
1083,Preet Vihar,Preet Vihar,1,0,4
1084,Okhla,Okhla,1,0,4
1085,Tohana,Tohana,1,0,3
1086,Kurukshetra,Kurukshetra,1,0,3
1087,Dharuhera,Dharuhera,1,0,4
1088,Mahendragarh,Mahendragarh,1,0,3
1089,Phalodi,Phalodi,1,0,3
1090,Dungargarh,Dungargarh,1,0,3
1091,Beawar,Beawar,1,0,3
1092,Kotputli,Kotputli,1,0,1
1093,Gangapur City,Gangapur City,1,0,3
1094,Rajgarh,Rajgarh,1,0,3
1095,Dholpur,Dholpur,1,0,3
1096,Gajraula,Gajraula,1,0,3
1097,Badaun,Badaun,1,0,3
1098,Anantnag,Anantnag,1,0,2
1099,DULIAJAN,DULIAJAN,1,0,3
1100,DURG,DURG,1,0,3
1101,BALRAMPUR,BALRAMPUR,1,0,3
1117,Adimaly,Adimaly,1,0,3
1118,Aizwal,Aizwal,1,0,2
1119,Aluva,Aluva,1,0,3
1120,Ambagarh Chowki,Ambagarh Chowki,1,0,3
1121,Ambasha,Ambasha,1,0,3
1122,Ankleshwar,Ankleshwar,1,0,2
1123,Anuppur,Anuppur,1,0,3
1124,Athagerh,Athagerh,0,0,3
1125,Azamgarh,Azamgarh,1,0,3
1126,Bageshwar,Bageshwar,1,0,3
1127,Bajju,Bajju,1,0,3
1128,Ballia,Ballia,1,0,3
1129,Banaganapalle,Banaganapalle,1,0,3
1130,Banka,Banka,1,0,3
1131,Beltola,Beltola,1,0,3
1132,Bhandara,Bhandara,1,0,3
1133,Bhangnagar,Bhangnagar,1,0,3
1134,Bhatgaon,Bhatgaon,1,0,3
1135,Bhawani Mandi,Bhawani Mandi,1,0,3
1136,Bhiwadi,Bhiwadi,1,0,3
1137,Bihta,Bihta,1,0,3
1138,Bijaynagar,Bijaynagar,1,0,3
1139,Bikarmganj,Bikarmganj,1,0,3
1140,Bina,Bina,1,0,3
1141,Birpara,Birpara,1,0,3
1142,Biswanth Charali,Biswanth Charali,1,0,3
1143,Bobbili,Bobbili,1,0,3
1144,Boudh,Boudh,1,0,3
1145,Buxar,Buxar,1,0,3
1146,Chaksu,Chaksu,1,0,3
1147,Chaygaon,Chaygaon,1,0,3
1148,Cherthala,Cherthala,1,0,3
1149,Chikballapur,Chikballapur,1,0,3
1150,Chipa Barod,Chipa Barod,1,0,3
1151,Chohtem,Chohtem,1,0,3
1152,Chopada,Chopada,1,0,3
1153,Dabwali,Dabwali,1,0,3
1154,Darlaghat,Darlaghat,1,0,3
1155,Deedwana,Deedwana,1,0,3
1156,Deogarh,Deogarh,0,0,3
1157,Dhrangadhra,Dhrangadhra,1,0,3
1158,Dhubri,Dhubri,1,0,3
1159,Etah,Etah,1,0,3
1160,Fatuha,Fatuha,1,0,3
1161,Goalpara,Goalpara,1,0,3
1162,Golaghat,Golaghat,1,0,3
1163,Hathras,Hathras,1,0,3
1164,Hodel,Hodel,1,0,3
1165,Hojai,Hojai,1,0,3
1166,Hunsur,Hunsur,1,0,3
1167,Ibrahimpatanam,Ibrahimpatanam,1,0,3
1168,Idar,Idar,1,0,3
1169,Imphal,Imphal,1,0,2
1170,Itanagar,Itanagar,0,0,3
1171,Jagdishpur,Jagdishpur,1,0,3
1172,Jalore,Jalore,1,0,3
1173,Jamkhed,Jamkhed,1,0,3
1174,Jhajjar,Jhajjar,1,0,3
1175,Jowoi,Jowoi,1,0,3
1176,K R Pet,K R Pet,1,0,3
1177,Kadur,Kadur,1,0,3
1178,Kanigiri,Kanigiri,1,0,3
1179,Kapurthala,Kapurthala,1,0,3
1180,Karimpur,Karimpur,1,0,3
1181,Karunagappally,Karunagappally,1,0,3
1182,Kasargod,Kasargod,1,0,3
1183,Kathghora,Kathghora,1,0,3
1184,Kaushambi,Kaushambi,1,0,3
1185,Kekri,Kekri,1,0,3
1186,Kesinga,Kesinga,1,0,3
1187,Khairthal,Khairthal,1,0,3
1188,Khurda,Khurda,1,0,3
1189,Kishanganj,Kishanganj,1,0,3
1190,Kishangarh,Kishangarh,1,0,3
1191,Kotakpura,Kotakpura,1,0,3
1192,Kotdwar,Kotdwar,1,0,3
1193,Kottarakkara,Kottarakkara,1,0,3
1194,Kuchinda,Kuchinda,1,0,3
1195,Lalitpur,Lalitpur,1,0,3
1196,Machilipatnam,Machilipatnam,1,0,3
1197,Madhubani,Madhubani,1,0,3
1198,Malerkotla,Malerkotla,1,0,3
1199,Malkangiri,Malkangiri,1,0,3
1200,Margherita,Margherita,1,0,3
1201,Morigaon,Morigaon,1,0,3
1202,Mungeli,Mungeli,1,0,3
1203,Nagari,Nagari,1,0,3
1204,Nalbari,Nalbari,1,0,3
1205,Nawanshashar,Nawanshashar,1,0,3
1206,Nohar,Nohar,1,0,3
1207,Nongpoh,Nongpoh,1,0,3
1208,Omalur,Omalur,1,0,3
1209,Ottapalam,Ottapalam,1,0,3
1210,Padampur,Padampur,0,0,3
1211,Pankhanjur,Pankhanjur,1,0,3
1212,Parrys,Parrys,1,0,3
1213,Patran,Patran,1,0,3
1214,Payyanur,Payyanur,1,0,3
1215,Perundurai,Perundurai,1,0,3
1216,Pithampur,Pithampur,1,0,3
1217,Pithora,Pithora,1,0,3
1218,Rainwal,Rainwal,1,0,3
1219,Rairangpur,RAIRANGPUR,1,0,3
1220,Raja Khariar,Raja Khariar,0,0,3
1221,Rajgangpur,Rajgangpur,1,0,3
1222,Roha,Roha,1,0,3
1223,Rohtas,Rohtas,1,1,3
1224,Sabroom,Sabroom,1,0,3
1225,Sakari,Sakari,1,0,3
1226,Santkabir Nagar,Santkabir Nagar,1,0,3
1227,SILVASSA,SILVASSA,1,0,3
1228,Sendhwa,Sendhwa,1,0,3
1229,Shamgarh,Shamgarh,1,0,3
1230,Sheohar,Sheohar,1,0,3
1231,Shirwal,Shirwal,1,0,3
1232,Shujalpur,Shujalpur,1,0,3
1233,Siddahrthnagar,Siddahrthnagar,1,0,3
1234,Sitapur,Sitapur,1,0,3
1235,Siwan,Siwan,1,0,3
1236,Sonepur,Sonepur,1,0,3
1237,Sukuma,Sukuma,1,0,3
1238,Sulur,Sulur,1,0,3
1239,Suratgarh,Suratgarh,1,0,3
1240,Talcher,Talcher,1,0,3
1241,Thirukovilur,Thirukovilur,1,0,3
1242,Thirumangalam,Thirumangalam,1,0,3
1243,Tindivanam,Tindivanam,1,0,3
1244,Tiruchengode,Tiruchengode,1,0,3
1245,Titlagarh,Titlagarh,1,0,3
1246,Udgir,Udgir,1,0,3
1247,Umarga,Umarga,1,0,3
1248,Umaria,Umaria,1,0,3
1249,Umerkote,Umerkote,1,0,3
1250,Unnao,Unnao,1,0,3
1251,Vadakkanchery,Vadakkanchery,1,0,3
1252,Vallioor,Vallioor,1,0,3
1253,BADLAPUR,BADLAPUR,1,0,3
1254,DEOBHOG,DEOBHOG,1,0,3
1255,DEOLI,DEOLI,1,0,3
1256,BARABANKI,BARABANKI,1,0,3
1257,BHADOI,BHADOI,1,0,3
1258,KANNAUJ,KANNAUJ,1,0,3
1259,RUDPERPUR,RUDPERPUR,1,0,3
1260,CHAMPAWAT,CHAMPAWAT,1,0,3
1261,PILIBHIT,PILIBHIT,1,0,3
1262,ROORKI,ROORKI,1,0,3
1263,RISHIKESH,RISHIKESH,1,0,3
1264,KALYANDURGAM,KALYANDURGAM,1,0,3
1265,RAJAMPET,RAJAMPET,1,0,3
1266,NAGARKURNOOL,NAGARKURNOOL,1,0,3
1267,GODAVARIKHANI,GODAVARIKHANI,1,0,3
1268,SATHUPALLY,SATHUPALLY,1,0,3
1269,VENKATAGIRI KOTA,VENKATAGIRI KOTA,1,0,3
1270,JANGAREDDYGUDEM,JANGAREDDYGUDEM,1,0,3
1271,K R PURAM,K R PURAM,1,0,3
1272,PUTTUR,PUTTUR,1,0,3
1273,CHALLAKERE,CHALLAKERE,1,0,3
1274,CHANNAGIRI,CHANNAGIRI,1,0,3
1275,RANEBENNUR,RANEBENNUR,1,0,3
1276,JAMAKHANDI,JAMAKHANDI,1,0,3
1277,KOPPAL,KOPPAL,1,0,3
1278,MANVI,MANVI,1,0,3
1279,DHARWAD,DHARWAD,1,0,3
1280,SAUNDATTI,SAUNDATTI,1,0,3
1281,REDHILLS,REDHILLS,1,0,3
1282,THURAIYUR,THURAIYUR,1,0,3
1283,AMBUR,AMBUR,1,0,3
1284,KURUD,KURUD,1,0,3
1285,ABHANPUR,ABHANPUR,1,0,3
1286,SIMGA,SIMGA,1,0,3
1287,NAROL,NAROL,1,0,3
1288,THARAD,THARAD,1,0,3
1289,KHEDA,KHEDA,1,0,3
1290,VASHI,VASHI,1,0,3
1291,GADHINGLAJ,GADHINGLAJ,1,0,3
1292,Saswad,HADAPSAR,1,0,3
1293,PARNER,PARNER,1,0,3
1294,KARANJA,KARANJA,1,0,3
1295,WARUD,WARUD,1,0,3
1296,GADCHIROLI,GADCHIROLI,1,0,3
1297,GANJBASODA,GANJBASODA,1,0,3
1298,KHATEGAON,KHATEGAON,1,0,3
1299,PANDHURNA,PANDHURNA,1,0,3
1300,SINGRAULI,SINGRAULI,1,0,3
1301,MOHANIA,MOHANIA,1,0,3
1302,PANDRIYA,PANDRIYA,1,0,3
1303,Ajay Nagar,Ajay Nagar,1,0,3
1304,Budgebudge,Budgebudge,1,0,3
1305,Chandracona Road,Chandracona Road,1,0,3
1306,Garhwa,Garhwa,1,0,3
1307,Ghatshila,Ghatshila,1,0,3
1308,Haldia,Haldia,1,0,3
1309,Sahebganj,Sahebganj,1,0,3
1310,Saltlake,Saltlake,1,0,3
1311,Pandua,Pandua,1,0,3
1312,DHARSINVA,DHARSINVA,1,0,3
1313,MANDIR HASAUD,MANDIR HASAUD,1,0,3
1314,CHOTILA,CHOTILA,1,0,3
1315,KATWA,KATWA,1,0,3
1316,KULIKANTI,KULIKANTI,1,0,3
1317,BOLPUR,BOLPUR,1,0,3
1318,DALKOLA,DALKOLA,1,0,3
1319,DALLIRAJHARA,DALLIRAJHARA,1,0,3
1320,ALIPURDUAR ,ALIPURDUAR ,1,0,3
1321,PALASI,PALASI,1,0,3
1322,KULLU,KULLU,1,0,3
1323,MAU,MAU,1,0,3
1324,CHANDAULI,CHANDAULI,1,0,3
1325,UDHAMPUR,UDHAMPUR,1,0,3
1326,DALSINGH SARAI,DALSINGH SARAI,1,0,3
1327,SAJA,SAJA,1,0,3
1328,SHRIGONDA,SHRIGONDA,1,0,3
1329,ARANG,ARANG,1,0,3
1330,KINAWAT,KINAWAT,1,0,3
1331,NARAYAN,NARAYAN,1,0,3
1332,KANDI,KANDI,1,0,3
1333,NASHIK,NASHIK,1,0,2
1334,TIRUCHIRAPPALLI,TIRUCHIRAPPALLI,1,0,3
1335,MAHESANA,MAHESANA,1,0,1
1336,VADODARA,VADODARA,1,0,3
1337,KADIRI,KADIRI,1,0,3
1338,GUNTAKAL,GUNTAKAL,1,0,3
1339,SHADNAGAR,SHADNAGAR,1,0,3
1340,MEDAK,MEDAK,1,0,3
1341,ZAHEERABAD,ZAHEERABAD,1,0,3
1342,CHANDANAGAR,CHANDANAGAR,1,0,3
1343,BHUPALPALLY,BHUPALPALLY,1,0,3
1344,TENALI,TENALI,1,0,3
1345,KAVALI,KAVALI,1,0,3
1346,GAJUWAKA,GAJUWAKA,1,0,3
1347,KAIKALURU,KAIKALURU,1,0,3
1348,CHANNARAYAPATNA,CHANNARAYAPATNA,1,0,3
1349,YELAHANKA,YELAHANKA,1,0,3
1350,RAJAJINAGARA,RAJAJINAGARA,1,0,3
1351,CHIKODI,CHIKODI,1,0,3
1352,ATHANI,ATHANI,1,0,3
1353,PERAMBRA,PERAMBRA,1,0,3
1354,MANNARKKAD,MANNARKKAD,1,0,3
1355,THODUPUZHA,THODUPUZHA,1,0,3
1356,THIRUTTANI,THIRUTTANI,1,0,3
1357,CHENNAI - OMR,CHENNAI - OMR,1,0,3
1358,MELMARUVATHUR,MELMARUVATHUR,1,0,3
1359,JAYANKONDAM,JAYANKONDAM,1,0,3
1360,KARAIKAL,KARAIKAL,1,0,3
1361,KALPAKKAM,KALPAKKAM,1,0,3
1362,ARANTHANGI,ARANTHANGI,1,0,3
1363,PALAKKODU,PALAKKODU,1,0,3
1364,CUMBUM,CUMBUM,1,0,3
1365,ARUPPUKOTTAI,ARUPPUKOTTAI,1,0,3
1366,BADSHAHPUR,BADSHAHPUR,1,0,3
1367,RUPNAGAR,RUPNAGAR,1,0,3
1368,ROHRU,ROHRU,1,0,3
1369,CHAMBA,CHAMBA,1,0,3
1370,LOHARU,LOHARU,1,0,3
1371,ASSANDH,ASSANDH,1,0,3
1372,NARWANA,NARWANA,1,0,3
1373,PEHOWA,PEHOWA,1,0,3
1374,KATHUA,KATHUA,1,0,3
1375,SANGRAMA,SANGRAMA,1,0,3
1376,RAJGARH R1,RAJGARH R1,1,0,3
1377,LALSOT,LALSOT,1,0,3
1378,MALPURA,MALPURA,1,0,3
1379,FATEHNAGAR,FATEHNAGAR,1,0,3
1380,SINGHANA,SINGHANA,1,0,3
1381,REENGUS,REENGUS,1,0,3
1382,PARBATSAR,PARBATSAR,1,0,3
1383,KUNDA,KUNDA,1,0,3
1384,PALLIA,PALLIA,1,0,3
1385,DUMARIA GANJ,DUMARIA GANJ,1,0,3
1386,BARHALGANJ,BARHALGANJ,1,0,3
1387,BALRAMPUR UP,BALRAMPUR UP,1,0,3
1388,SHRAVASTI,SHRAVASTI,1,0,3
1389,VIKASNAGAR,VIKASNAGAR,1,0,3
1390,BIJNOR,BIJNOR,1,0,3
1391,SANAND,SANAND,1,0,3
1392,VANSDA,VANSDA,1,0,3
1393,BARDOLI,BARDOLI,1,0,3
1394,LASALGAON,LASALGAON,1,0,3
1395,CHANDWAD,CHANDWAD,1,0,3
1396,PIMPALGAON BASWANT,PIMPALGAON BASWANT,1,0,3
1397,CHOUFULLA,CHOUFULLA,1,0,3
1398,SANGOLE,SANGOLE,1,0,3
1399,AHMEDPUR,AHMEDPUR,1,0,3
1400,ICHALKARANJI,ICHALKARANJI,1,0,3
1401,NANDURBAR,NANDURBAR,1,0,3
1402,KANNAD,KANNAD,1,0,3
1403,PAITHAN,PAITHAN,1,0,3
1404,SHEGAON,SHEGAON,1,0,3
1405,KOPARGAON,KOPARGAON,1,0,3
1406,MEHKAR,MEHKAR,1,0,3
1407,UMRED,UMRED,1,0,3
1408,UMARKHED,CUMARKHED,1,0,3
1409,ALOT,ALOT,1,0,3
1410,BADNAWAR,BADNAWAR,1,0,3
1411,DEPALPUR,DEPALPUR,1,0,3
1412,ASHTA,ASHTA,1,0,3
1413,MORENA,MORENA,1,0,3
1414,MULTAI,MULTAI,1,0,3
1415,NASRULLAGANJ,NASRULLAGANJ,1,0,3
1416,MAUGANJ,MAUGANJ,1,0,3
1417,BEOHARI,BEOHARI,1,0,3
1418,MAIHAR,MAIHAR,1,0,3
1419,KHAGARIA,KHAGARIA,1,0,3
1420,DOBHI,DOBHI,1,0,3
1421,SHEIKHPURA,SHEIKHPURA,1,0,3
1422,BAGAHA,BAGAHA,1,0,3
1423,SAMSI,SAMSI,1,0,3
1424,FARAKKA,FARAKKA,1,0,3
1425,DHUPGURI,DHUPGURI,1,0,3
1426,BARRACKPORE,BARRACKPORE,1,0,3
1427,CHANDIPUR,CHANDIPUR,1,0,3
1428,BELDA,BELDA,1,0,3
1429,NEW DIAMOND HARBOUR,NEW DIAMOND HARBOUR,1,0,3
1430,BONAI,BONAI,1,0,3
1431,RAJKHARIAR,RAJKHARIAR,1,0,3
1432,BHANJANAGAR,BHANJANAGAR,1,0,3
1433,JALESWAR,JALESWAR,1,0,3
1434,SIMDEGA,SIMDEGA,1,0,3
1435,SARAIKELA,SARAIKELA,1,0,3
1436,CHAKRADHARPUR,CHAKRADHARPUR,1,0,3
1437,BARHI,BARHI,1,0,3
1438,JAMTARA,JAMTARA,1,0,3
1439,SIHORA,SIHORA,1,0,3
1440,RAXOUL,RAXOUL,1,0,3
1441,GAYGHAT,GAYGHAT,1,0,3
1442,MADHEPURA,MADHEPURA,1,0,3
1443,BAIKUNTHPUR,BAIKUNTHPUR,1,0,3
1444,JAMUI,JAMUI,1,0,3
1445,RATANPUR,RATANPUR,1,0,3
1446,SARAGAON,SARAGAON,1,0,3
1447,GHARGHODA,GHARGHODA,1,0,3
1448,KUNKURI,KUNKURI,1,0,3
1449,PUSSORE,PUSSORE,1,0,3
1450,DHAMDHA,DHAMDHA,1,0,3
1451,BIJAPUR CG3,BIJAPUR CG3,1,0,3
1452,KESKAL,KESKAL,1,0,3
1453,SEMILIGUDA,SEMILIGUDA,1,0,3
1454,NAGRI,NAGRI,1,0,3
1455,BAGBAHARA,BAGBAHARA,1,0,3
1456,SAIDAPET,SAIDAPET,1,0,3
1457,RAIPUR-CHFL,RAIPUR-CHFL,1,0,3
1458,GUDALUR,GUDALUR,1,0,1
1459,THUDIYALUR,THUDIYALUR,1,0,1
1460,KANGEYAM,KANGEYAM,1,0,1
1461,METTUR,METTUR,1,0,1
1462,RASIPURAM,RASIPURAM,1,0,1
1463,PARAMATHI VELUR,PARAMATHI VELUR,1,0,1
1464,SIVAGANGAI,SIVAGANGAI,1,0,1
1465,PARAMAKUDI,PARAMAKUDI,1,0,3
1466,MELUR,MELUR,1,0,3
1467,BATTALAGUNDU,BATTALAGUNDU,1,0,3
1468,DHENKANIKOTTAI,DHENKANIKOTTAI,1,0,3
1469,POCHAMPALLI,POCHAMPALLI,1,0,3
1470,SHANKARANKOIL,SHANKARANKOIL,1,0,3
1471,PORT BLAIR,PORT BLAIR,1,0,3
1472,KAMREJ,KAMREJ,1,0,3
1473,UNA GJ,UNA GJ,1,0,3
1474,UPLETA,UPLETA,1,0,3
1475,BHAYANDER,BHAYANDER,1,0,3
1476,KHED,KHED,1,0,3
1477,DHANKAWADI,DHANKAWADI,1,0,3
1478,NARSHI,NARSHI,1,0,3
1479,BHAWARKUAN,BHAWARKUAN,1,0,3
1480,NASRULAGANJ,NASRULAGANJ,1,0,3
1481,PATAUDI,PATAUDI,1,0,3
1482,GOHANA,GOHANA,1,0,3
1483,PONTA SAHIB,PONTA SAHIB,1,0,3
1484,JAGRAON ,JAGRAON ,1,0,3
1485,KAMAN,KAMAN,1,0,3
1486,BILARA,BILARA,1,0,3
1487,RAMGANJ MANDI,RAMGANJ MANDI,1,0,3
1488,SARDARSHAHAR,SARDARSHAHAR,1,0,3
1489,SANDILA,SANDILA,1,0,3
1490,SHANKARGARH,SHANKARGARH,1,0,3
1491,MAHOBA,MAHOBA,1,0,3
1492,ANPARA,ANPARA,1,0,3
1493,RANIKHET ,RANIKHET ,1,0,3
1494,AVADI,AVADI,1,0,1
1495,VADAPALANI,VADAPALANI,1,0,3
1496,NEYVELI,NEYVELI,1,0,3
1497,MANNARGUDI,MANNARGUDI,1,0,3
1498,CHINNASALEM,CHINNASALEM,1,0,3
1499,GINGEE,GINGEE,1,0,3
1500,CHEYYAR,CHEYYAR,1,0,3
1501,VANDAVASI,VANDAVASI,1,0,3
1502,MANNAPARAI,MANNAPARAI,1,0,3
1503,SHOLINGAR,SHOLINGAR,1,0,3
1504,ARMOOR,ARMOOR,1,0,3
1505,BHANSWADA,BHANSWADA,1,0,3
1506,GAJWEL,GAJWEL,1,0,3
1507,HUZURABAD,HUZURABAD,1,0,3
1508,CHOUTUPPAL,CHOUTUPPAL,1,0,3
1509,WANAPARTHY,WANAPARTHY,1,0,3
1510,HIMAYAT NAGAR,HIMAYAT NAGAR,1,0,3
1511,SUNCITY,SUNCITY,1,0,3
1512,CHEVELLA,CHEVELLA,1,0,3
1513,BADVEEL,BADVEEL,1,0,3
1514,PIDUGURALLA,PIDUGURALLA,1,0,3
1515,KANDUKURU,KANDUKURU,1,0,3
1516,SURYAPET,SURYAPET,1,0,3
1517,ATHAMAKUR,ATHAMAKUR,1,0,3
1518,MANDAPET,MANDAPET,1,0,3
1519,NARSIPATNAM,NARSIPATNAM,1,0,3
1520,RAJAM,RAJAM,1,0,3
1521,SIRSI,SIRSI,1,0,3
1522,BIDAR,BIDAR,1,0,3
1523,YADGIR,YADGIR,1,0,3
1524,SINDAGI,SINDAGI,1,0,3
1525,CHINTAMANI,CHINTAMANI,1,0,3
1526,KENGERI,KENGERI,1,0,3
1527,ARASIKERE,ARASIKERE,1,0,3
1528,SIRA,SIRA,1,0,3
1529,NELAMANGALA,NELAMANGALA,1,0,3
1530,MODINAGAR,MODINAGAR,1,0,3
1531,BARAUT,BARAUT,1,0,3
1532,MAHIPALPUR,MAHIPALPUR,1,0,3
1533,SIKANDARPUR,SIKANDARPUR,1,0,3
1534,HANSI,HANSI,1,0,3
1535,TOSHAM,TOSHAM,1,0,3
1536,KOSHALI,KOSHALI,1,0,3
1537,CHEEKA,CHEEKA,1,0,3
1538,KUNDLI,KUNDLI,1,0,3
1539,KINNAUR,KINNAUR,1,0,3
1540,KARSOG,KARSOG,1,0,3
1541,PALAMPUR,PALAMPUR,1,0,3
1542,NALAGARH,NALAGARH,1,0,3
1543,RAJPURA,RAJPURA,1,0,3
1544,SAMRALA,SAMRALA,1,0,3
1545,BAGRU,BAGRU,1,0,3
1546,MAUWA,MAUWA,1,0,3
1547,VIRAT NAGAR,VIRAT NAGAR,1,0,3
1548,SIROHI,SIROHI,1,0,3
1549,SALUMBAR,SALUMBAR,1,0,3
1550,CHHABRA,CHHABRA,1,0,3
1551,GULABPURA,GULABPURA,1,0,3
1552,GUDAMALANI,GUDAMALANI,1,0,3
1553,MOHANGARH,MOHANGARH,1,0,3
1554,DEGANA,DEGANA,1,0,3
1555,SIDHAULI,SIDHAULI,1,0,3
1556,HANDIYA,HANDIYA,1,0,3
1557,LALGANJ BAISWARA,LALGANJ BAISWARA,1,0,3
1558,BELTHARA ROAD,BELTHARA ROAD,1,0,3
1559,MUNGRA BADSHAHPUR,MUNGRA BADSHAHPUR,1,0,3
1560,CHITRAKOOT,CHITRAKOOT,1,0,3
1561,AWANLA,AWANLA,1,0,3
1562,KARANPRAYAG,KARANPRAYAG,1,0,3
1563,SHAMLI,SHAMLI,1,0,3
1564,UTTARKASHI,UTTARKASHI,1,0,3
1565,CHANDOSI,CHANDOSI,1,0,3
1566,BAYAD,BAYAD,1,0,3
1567,KALOL,KALOL,1,0,3
1568,VISHNAGAR,VISHNAGAR,1,0,3
1569,AKKALKOT,AKKALKOT,1,0,3
1570,BORSAD,BORSAD,1,0,3
1571,KARJAN,KARJAN,1,0,3
1572,KALAMB,KALAMB,1,0,3
1573,HALOL,HALOL,1,0,3
1574,DWARIKA,DWARIKA,1,0,3
1575,GANGAPUR,GANGAPUR,1,0,3
1576,JASDAN,JASDAN,1,0,3
1577,RABALE,RABALE,1,0,3
1578,GADHCHANDUR,GADHCHANDUR,1,0,3
1579,ANDHERI,ANDHERI,1,0,3
1580,DAHANU,DAHANU,1,0,3
1581,SHIRUR,SHIRUR,1,0,3
1582,SAWANTWADI,SAWANTWADI,1,0,3
1583,VITA,VITA,1,0,3
1584,ISLAMPUR MH,ISLAMPUR MH,1,0,3
1585,TALEGAON PIMPRI,TALEGAON PIMPRI,1,0,3
1586,PETLAWAD,PETLAWAD,1,0,3
1587,ALIRAJPUR,ALIRAJPUR,1,0,3
1588,JOBAT,JOBAT,1,0,3
1589,PATHARDI,PATHARDI,1,0,3
1590,MAHIDPUR CITY,MAHIDPUR CITY,1,0,3
1591,SHIRPUR,SHIRPUR,1,0,3
1592,BHUSAWAL,BHUSAWAL,1,0,3
1593,AKOT,AKOT,1,0,3
1594,PANDHARKAWADA,PANDHARKAWADA,1,0,3
1595,RAMTEK,RAMTEK,1,0,3
1596,UMERKHED,UMERKHED,1,0,3
1597,BHIND,BHIND,1,0,3
1598,MANDLEEP,MANDLEEP,1,0,3
1599,JIRAPUR,JIRAPUR,1,0,3
1600,RAISEN,RAISEN,1,0,3
1601,BAIHAR,BAIHAR,1,0,3
1602,VIKHROLI,VIKHROLI,1,0,3
1603,BHABHUA,BHABHUA,1,0,3
1604,KAHELGAON,KAHELGAON,1,0,3
1605,JAMUAI,JAMUAI,1,0,3
1606,MUNGER,MUNGER,1,0,3
1607,MAHRAJGHANJ,MAHRAJGHANJ,1,0,3
1608,MAHUA,MAHUA,1,0,3
1609,NARKATIYAGHANJ,NARKATIYAGHANJ,1,0,3
1610,SEOHAR,SEOHAR,1,0,3
1611,JHANJHARPUR,JHANJHARPUR,1,0,3
1612,ARRAIA,ARRAIA,1,0,3
1613,DHAMDHAHA,DHAMDHAHA,1,0,3
1614,BASNA,BASNA,1,0,3
1615,KHORORA,KHORORA,1,0,3
1616,GIDHORI,GIDHORI,1,0,3
1617,PRATAPUR,PRATAPUR,1,0,3
1618,RAJPUR,RAJPUR,1,0,3
1619,CHIRMIRI,CHIRMIRI,1,0,3
1620,BAGICHA,BAGICHA,1,0,3
1621,DHARMJAYGARH,DHARMJAYGARH,1,0,3
1622,LAILUMGA,LAILUMGA,1,0,3
1623,CHANDRAPUR CG,CHANDRAPUR CG,1,0,3
1624,TAKATPUR,TAKATPUR,1,0,3
1625,AKALTARA,AKALTARA,1,0,3
1626,SHIVRINARAYAN,SHIVRINARAYAN,1,0,3
1627,JAYJAYPUR,JAYJAYPUR,1,0,3
1628,NAVAGARH,NAVAGARH,1,0,3
1629,MUNIGUDA,MUNIGUDA,1,0,3
1630,GUNPUR,GUNPUR,1,0,3
1631,KALIMELA,KALIMELA,1,0,3
1632,MATHILI,MATHILI,1,0,3
1633,NABARANGPUR,NABARANGPUR,1,0,3
1634,KHUNTI,KHUNTI,1,0,3
1635,BUNDU,BUNDU,1,0,3
1636,KHELARI,KHELARI,1,0,3
1637,GOLA,GOLA,1,0,3
1638,CHANDWA,CHANDWA,1,0,3
1639,NAGAR UNTARI,NAGAR UNTARI,1,0,3
1640,RAJMAHAL,RAJMAHAL,1,0,3
1641,PHUSHRO,PHUSHRO,1,0,3
1642,CHANDIL,CHANDIL,1,0,3
1643,NIRSHA,NIRSHA,1,0,3
1644,BAGODAR,BAGODAR,1,0,3
1645,DEMAJI,DEMAJI,1,0,3
1646,NAMSAI,NAMSAI,1,0,3
1647,NAHARLUGAN,NAHARLUGAN,1,0,3
1648,PATIA,PATIA,1,0,3
1649,PAHALA,PAHALA,1,0,3
1650,BHUBAN,BHUBAN,1,0,3
1651,PALLAHARA,PALLAHARA,1,0,3
1652,ATHAMALLIK,ATHAMALLIK,1,0,3
1653,CHANDAPUR,CHANDAPUR,1,0,3
1654,ODOGAON,ODOGAON,1,0,3
1655,DEOGARH ORISSA,DEOGARH ORISSA,1,0,3
1656,BELPAHAR,BELPAHAR,1,0,3
1657,JAJPUR TOWN,JAJPUR TOWN,1,0,3
1658,ATHAGARH,ATHAGARH,1,0,3
1659,TARKESHWAR,TARKESHWAR,1,0,3
1660,SALKIA,SALKIA,1,0,3
1661,GHATAKPUKUR,GHATAKPUKUR,1,0,3
1662,TEMA THANI,TEMA THANI,1,0,3
1663,DIGHA,DIGHA,1,0,3
1664,EGRA,EGRA,1,0,3
1665,RANIGANJ,RANIGANJ,1,0,3
1666,JORTHANG,JORTHANG,1,0,3
1667,MALBAZAAR,MALBAZAAR,1,0,3
1668,FIROZPUR,FIROZPUR,1,0,3
1669,RAMANATTUKARA,RAMANATTUKARA,1,0,3
1670,LAKHNADOUN,LAKHNADOUN,1,0,3
1671,CHAKGHAT,CHAKGHAT,1,0,3
1672,IBRAHIMPATNAM TS,IBRAHIMPATNAM TS,1,0,3
1673,IBRAHIMPATNAM,IBRAHIMPATNAM,1,0,3
1674,RAMANATHAPURAM ,RAMANATHAPURAM ,1,0,1
1675,PENNAGARAM,PENNAGARAM,1,0,3
1676,VALPARI,VALPARI,1,0,3
1677,KARWAR,KARWAR,1,0,1
