"PK_PRODUCT_LINE_ID","PRODUCT_LINE_NAME","PRODUCT_LINE_DESC","ISACTIVE","CREATED_BY","CREATION_DATE","PRODUCT_LINE_CODE","IS_GROUP_COMPANY","PRODUCT_LINE_GL_CODE","CC_APPLICABLE_IN_RENTAL","FK_COMPANYID"
1,GOLD LOAN,GOLD LOAN,0,v14110,2012-07-29 16:04:15.930,"1701",NO  ,,0,5
2,VEHICLE,VEHICLE FINANCE,1,rajagopalana,2012-05-07 12:28:33.307,"1201",NO  ,,0,5
3,COMMON,COMMON,0,raj,2012-04-26 18:00:16.017,,NO  ,,0,5
4,LAP,LAP,1,V15832,2020-07-29 10:32:45.470,"1301",NO  ,,0,5
5,COST CENTERS,COST CENTERS,0,rajagopalana,2012-05-08 15:57:48.347,,NO  ,,0,5
6,HOME LOAN,HOME LOAN,1,rajagopalana,2012-06-11 15:33:04.507,"1302",NO  ,,0,5
7,Head Office,Head Office-ExpenseMgmt,1,v14110,2012-07-29 00:00:00.000,"1001",NO  ,,1,5
8,VF Prime,VF Prime-ExpenseMgmt,1,v14110,2012-07-29 00:00:00.000,"1201",NO  ,,0,5
11,FAS Retail,FAS Retail-ExpenseMgmt,1,v14110,2012-07-29 00:00:00.000,"1303",NO  ,,0,5
12,Cross Cell-Direct,Cross Cell-Direct-ExpenseMgmt,1,v14110,2012-07-29 00:00:00.000,"1501",NO  ,,0,5
13,VF TRACTOR,VF TRACTOR-EXPENSEMGMT,1,v14110,2013-05-24 15:04:07.913,"1601",NO  ,"",0,5
15,SME,SME-ExpenseMgmt,1,v14110,2012-07-29 00:00:00.000,"1801",NO  ,,0,5
16,CMF ,CMF ,1,v14110,2012-07-31 00:00:00.000,"1411",NO  ,,0,5
17,CDSL,CDSL,0,SF00152,2018-09-07 12:13:37.323,"1001",YES ,"209066",0,0
18,Chola MS,Chola MS,1,v14110,2012-07-31 00:00:00.000,"1001",YES ,"209076",0,5
19,PL,PL,1,v14110,2012-07-31 00:00:00.000,"1101",NO  ,,0,5
20,Cross sell,Cross sell,1,v14110,2012-07-31 00:00:00.000,"1501",NO  ,,0,5
21,CSEC,CSEC,1,v14110,2012-09-19 00:00:00.000,"1001",YES ,"209067",0,6
22,TRAINING CENTRE,TRAINING CENTRE,1,v14110,2013-06-04 00:00:00.000,"1001",NO  ,,0,5
23,RURAL FINANCE,RURAL FINANCE,1,V15832,2014-06-20 19:25:00.000,"1801",NO  ,,0,5
24,TW,TW,1,V15832,2014-10-03 11:40:00.000,"1104",NO  ,,0,5
25,OTHERS,OTHERS,1,V15832,2014-10-15 20:00:00.000,,NO  ,,0,5
26,CF_BILL DISCOUNTING,CF_BILL DISCOUNTING,1,v15832,2014-12-18 12:05:00.000,"1412",NO  ,,0,5
27,CE,CE,1,v15832,2015-11-04 12:01:36.203,"1221",YES ,"1221",0,5
28,CHOLA MONEY,CHOLA MONEY,1,V15832,2015-08-10 11:39:00.000,"1421",NO  ,,0,5
29,CSEC_RETAIL,CSEC_RETAIL,1,v15832,2016-02-13 14:11:15.693,"6101",NO  ,,0,6
30,CSEC_PCG,CSEC_PCG,1,v15832,2016-02-13 14:11:42.603,"6401",NO  ,,0,6
31,CDSL_PCG,CDSL_PCG,0,V15832,2019-03-25 17:49:28.150,"8001",YES ,"8001",0,7
32,COMBO,COMBO,1,sf00037,2016-09-08 12:53:33.447,"1201",YES ,"1201",0,5
33,TRIP LOAN,TRIP LOAN,1,v15832,2017-04-18 20:06:00.000,"1231",NO  ,"1231",0,5
35,CHFL,CHFL,1,SF00152,2018-09-07 17:06:54.133,"8102",NO  ,,0,7
36,CHFL-HEAD OFFICE,CHFL-HEAD OFFICE,1,M924,2019-06-18 18:06:50.487,"1001",NO  ,,,7
37,SBPL,Secured Business and Personal Loan,1,V15832,2021-07-12 18:35:19.770,"1321",NO  ,,0,5
38,ABCD,ABCD,1,SF00152,2021-08-19 18:22:37.087,,YES ,"000",,
39,AXY,AXY,1,SF00152,2021-08-19 18:23:05.077,,YES ,"111",,
40,AFFORDABLE LAP,AFFORDABLE LAP,1,SF00253,2021-09-14 17:00:41.520,"1305",NO  ,,,5
41,MICRO LAP,MICRO LAP,1,SF00253,2021-09-14 17:00:41.520,,YES ,"1304",,5
42,CSEL,CSEL CONSUMER AND SMALL ENTERPRISE LOAN,1,V15832,2021-07-19 12:39:17.387,"1141",NO  ,,,5
43,TEST_R,TEST_R,0,V15832,2022-06-29 16:54:25.577,,NO  ,"1234",,
