"PK_REGIONID","FK_ZONEID","REGION","IS_ACTIVE","IS_DELETE","REGION_HEAD","FK_PRODUCT_LINEID"
1,2,ABC,0,0,,
2,3,AP1,1,0,srinivasark,
3,3,AP2,1,0,prasadg,
4,3,KARNATAKA,1,0,rajeshp,
5,3,KERALA,1,0,sanjupm,
6,3,TN1,1,0,sudhakarank,
7,3,TN2,1,0,mohanskc,
8,1,UP,1,0,dhirendrakp,
9,1,DELHI,1,0,CF01166,
10,1,CENTRAL UP,1,0,sheetalhj,
11,1,Haryana,1,0,R1719,
12,1,PUNJAB,1,0,CF11623,
13,1,HP,1,0,S2606,
14,2,RAJASTHAN,0,0,,
15,1,CENTRAL,1,0,devinderk,
16,2,GUJARAT,1,0,mahendrasbd,
17,5,MH1,1,0,ashishk,
18,2,MH2,1,0,ashishad,
19,1,CG,0,0,,
20,4,Orissa 1,1,0,sangramr,
21,4,West Bengal 2,1,0,santanuc,
22,4,PATNA,1,0,,
23,4,CHATTISGARH,1,0,,
24,1,Rajasthan,1,0,lokeshn,
25,2,Madhya Pradesh,1,0,,
26,1,Uttaranchal,1,0,,
27,2,Maharashtra,1,0,sunilvs,
28,1,SUJANGARH,1,0,rajagopalana,
29,4,BIHAR and JHARKHAND,1,0,rajeshkr,
30,4,CG,1,0,samirm,
31,4,WEST BENGAL and NORTH EAST,1,0,deepkd,
32,1,DELHI NCR,1,0,jagatsb,
33,1,"PUNJAB, HARYANA and HP",1,0,devinderk,
40,1,UP and UTTRAKHAND,1,0,santoshksr,
41,2,CENTRAL,1,0,arunsumrani,
44,2,MH1,1,0,pankajrd,
45,4,NORTH EAST,1,0,siddharthap,
46,2,CENTRAL1,1,0,sheetalhj,
47,2,CENTRAL2,1,0,arunsumrani,
48,1,RAJASTHAN 1,1,0,surendras,
49,1,RAJASTHAN 2,1,0,S3006,
50,4,BIHAR 1,1,0,K622,
51,4,JHARKHAND 1,1,0,amarp,
52,4,CG 1,1,0,ssewkendra,
53,4,CG2,1,0,satishs,
54,1,UTTARPRADESH 1,1,0,CF10599,
55,1,UTTRAKHAND,1,0,ashishkumar,
56,2,GUJARAT 1,1,0,S2473,
57,2,GUJARAT 2,1,0,miteshkumarsp,
58,1,"PUNJAB,HIMACHAL AND JK",1,0,devinderk,
59,3,Karnataka 1,1,0,D514,
60,3,Karnataka 2,1,0,U103,
61,2,MH3,1,0,anupkk,
62,3,KARNATAKA HE,1,0,rajatsm,
63,7,GUJARAT(HE),1,0,harshvardhanmb,
64,4,ORISSA 2,1,0,rameshjv,
65,4,CG 3,1,0,proshantorc,
66,1,RAJASTHAN 3,1,0,atulagarwal,
67,2,MH4,1,0,nirajng,
68,2,MP1,1,0,joshicl,
69,2,MP2,1,0,narendrakc,
70,1,UTTARPRADESH 2,1,0,mohita,
71,2,MP3,1,0,ravindrasc,
72,4,WEST BENGAL 1,1,0,habibm,
73,1,"CHANDIGARH, HP AND AMBALA",1,0,V17750,
74,4,BIHAR 2,1,0,sushantks,
75,8,CHANDIGARH HE,1,0,V956,
76,10,MAHARASHTRA-CHFL,1,0,mangeshal,
77,11,ANDHRA PRADESH - CHFL,1,0,moizep,
78,11,TELANGANA-CHFL,1,0,moizep,
79,11,TAMILNADU - CHFL,1,0,rafis,
80,10,GUJARAT - CHFL,1,0,ravindrapn,
81,11,KARNATAKA - CHFL,1,0,paulvee,
82,11,KERALA - CHFL,1,0,paulvee,
83,2,GUJARAT 3,1,0,CF04070,
84,4,JHARKHAND 2,1,0,nilanjandg,
85,4,ORISSA 3,1,0,nalinikantam,
86,9,KOLKATTA - HE,1,0,sanjeevkumarp,
87,12,CHHATTISGARH - CHFL,1,0,O018,
88,13,RAJASTHAN CHFL,1,0,paulvee,
89,3,TN3,1,0,pradeepkumarb,
90,3,TS,1,0,satyavpr,
91,2,MH5,1,0,pradeeprj,
92,1,RAJASTHAN 4,1,0,Sanjaykm,
93,1,UTTARPRADESH 3,1,0,mohita,
94,3,KERALA 2,1,0,sreejithkp,
95,4,WEST BENGAL 3,1,0,subratorc,
96,4,WEST BENGAL 4,1,0,someng,
99,20,HE-WEST BENGAL,1,0,siddharthsv,
100,14,HE-DELHI,1,0,CF11360,
101,14,HE-UTTAR PRADESH,1,0,amansaini,
102,14,HE-UTTARAKHAND,1,0,R1533,
103,15,HE-PHC,1,0,siddharthsv,
104,14,HE-RAJASTHAN,0,1,siddharthsv,
105,15,HE-RAJASTHAN,1,0,siddharthsv,
106,16,HE-ANDHRA PRADESH,1,0,srinivasanr,
107,16,HE-KERALA,1,0,srinivasanr,
108,16,HE-TAMIL NADU 1,1,0,srinivasanr,
109,16,HE-TAMIL NADU 2,1,0,sivaprakashs,
110,17,HE-KARNATAKA,1,0,srinivasulum,
111,17,HE-TELANGANA,1,0,srinivasulum,
112,18,HE-CHATTISHGARH,1,0,amitsg,
113,18,HE-GUJARAT,1,0,harshvardhanmb,
114,18,HE-MADHYA PRADESH,1,0,harshvardhanmb,
115,18,HE-MH 2,1,0,S2854,
116,18,HE-MH 3,1,0,amitsg,
117,18,HE-MH 4,1,0,S2854,
118,19,HE-MH 1,1,0,CF00279,
119,14,PUNJAB - HE,1,0,sukhbirs,
120,11,KARNATAKA HL,1,0,K790,
121,4,NORTH EAST 2,1,0,apurbag,
122,4,CG 4,1,0,bijig,
123,4,NORTH EAST 1,1,0,mridulcb,
124,4,BIHAR 3,1,0,pritams,
125,4,NORTH EAST 3,1,0,rajibl,
126,3,KARNATAKA HOMELOAN,1,0,CF00649,
127,1,RAJASTHAN HL,1,0,CF02464,
128,4,CHHATTISGARH HL,1,0,CF00649,
129,21,HARYANA HL,1,0,CF04446,
130,22,KERALA HL,1,0,surendrakumarn,
131,22,TAMIL NADU 2,0,1,rafis,
132,22,TAMIL NADU 2 HL,1,0,J467,
133,22,TAMIL NADU 1 HL,1,0,sathishks,
134,22,TELANGANA HL,1,0,S2713,
135,22,ANDHRA PRADESH HL,1,0,S2713,
136,22,KARNATAKA HL,1,0,K790,
137,3,KERALA 1,1,0,harism,
138,3,TN4,1,0,gavaskarte,
139,3,TS1,1,0,arvindc,
140,3,TS2,1,0,pramodkp,
141,3,KARNATAKA 3,1,0,balur,
142,3,KERALA 3,1,0,sarathcs,
143,16,TN3,1,0,jayaprakashk,
149,2,MH 6,1,0,sunilvs,
150,21,JODHPUR HL,1,0,CF02464,
151,3,KL 2,1,0,josephpl,
152,4,BIHAR 4,1,0,gangadhars,
153,1,UTTRAKHAND 2,1,0,anshulg,
154,2,PUNE,1,0,CF00795,
155,22,KARNATAKA,1,0,K790,
156,22,TELUNGANA HL,1,0,S2713,
157,1,HPC AND J AND K,1,0,V17750,
158,1,HPCA AND J&K,1,0,V17750,
159,1,UTTRAKHAND 1,1,0,dewakarsb,
160,4,CG 2,1,0,rakeshrs,
161,4,NORTHEAST1,1,0,M1018,
162,4,NORTHEAST2,1,0,apurbag,
163,4,NORTHEAST3,1,0,rajibl,
164,1,DELHI 2,1,0,sandeepkj,
165,1,J AND K AND CHANDIGARH,1,0,V17750,
166,1,DELHI 1,1,0,jagatsb,
171,3,TN 6,1,0,J467,
172,2,CG1,0,1,ssewkendra,
173,2,MP4,1,0,P997,
174,4,WEST BENGAL 5,1,0,bijaykp,
175,2,MH1 CSEL,0,1,CF05594,
176,4,BIHAR 5,1,0,M1124,
177,1,CHANDIGARH,1,0,V956,
178,2,MAHARASTRA,1,0,CF05652,
179,23,MH1 CSEL,1,0,CF05594,
191,4,CG 5,1,0,rakeshrs,
192,3,TELANGANA,1,0,S2713,
193,3,AP3,1,0,ravindranathtp,
194,3,KARNATAKA 4,1,0,govindrm,
195,3,KARNATAKA 5,1,0,S2686,
196,7,GUJARAT 3,1,0,saumild,
197,3,TN 5,1,0,nethajis,
205,22,AP2,1,0,venkatarp,
206,4,ODISHA 1,1,0,biswajitm,
207,4,ODISHA 2,1,0,rameshjv,
208,4,ODISHA 3,1,0,sushilkj,
209,4,NORTH EAST 4,1,0,deepkd,
210,1,HIMACHALPRADESH,1,0,S2606,
211,8,PUNJAB 1,1,0,V956,
212,1,PUNJAB 1,1,0,V956,
213,1,HARYANA2,1,0,rajeshk,
214,1,HARYANA1,1,0,R1719,
