"PK_ZONEID","ZONENAME","IS_ACTIVE","IS_DELETE","ZONE_HEADID","NBH","BH","FK_PRODUCT_LINEID","ZBH"
1,NORTH ZONE,1,0,amandeepss,ravik,ravik,,amandeepss
2,WEST ZONE,1,0,bibhupp,ravik,ravik,,bibhupp
3,SOUTH ZONE,1,0,nishimtd,ravik,ravik,,nishimtd
4,EAST ZONE,1,0,akshayp,ravik,ravik,,akshayp
5,CENTRAL ZONE,0,0,,,,,
6,SOUTH ZONE(HE),1,0,sureshkumars,sureshkumars,sureshkumars,,sureshkumars
7,WEST ZONE(HE),1,0,sureshkumars,sureshkumars,sureshkumars,,sureshkumars
8,NORTH ZONE(HE),1,0,sureshkumars,sureshkumars,sureshkumars,,sureshkumars
9,EAST ZONE(HE),1,0,sureshkumars,sureshkumars,sureshkumars,,sureshkumars
10,WEST ZONE - CHFL,1,0,prashantk,prashantk,prashantk,,""
11,SOUTH ZONE - CHFL,1,0,prashantk,prashantk,prashantk,,""
12,EAST ZONE - CHFL,1,0,prashantk,prashantk,prashantk,,""
13,NORTH ZONE - CHFL,1,0,prashantk,prashantk,prashantk,,""
14,NORTH 1-HE,1,0,R1533,siddharthsv,rohitphadke,,
15,NORTH 2-HE,1,0,siddharthsv,siddharthsv,rohitphadke,,
16,SOUTH 1-HE,1,0,srinivasanr,siddharthsv,rohitphadke,,""
17,SOUTH 2-HE,1,0,srinivasulum,siddharthsv,rohitphadke,,
18,WEST 1-HE,1,0,harshvardhanmb,siddharthsv,rohitphadke,,
19,WEST 2-HE,1,0,avinashad,siddharthsv,rohitphadke,,
20,EAST 1-HE,1,0,siddharthsv,siddharthsv,rohitphadke,,
21,NORTH HL,1,0,prashantk,prashantk,prashantk,,prashantk
22,SOUTH HL,1,0,prashantk,prashantk,prashantk,,prashantk
23,WEST ZONE CSEL,1,0,balraj,balraj,balraj,,balraj
